sex,age,L,M,S
m,0,-0.3053,13.4069,0.0956
m,1,-0.1867,13.3976,0.09597
m,2,-0.0681,13.3883,0.09634
m,3,0.0505,13.3791,0.09672
m,4,0.169,13.3698,0.09709
m,5,0.2876,13.3606,0.09746
m,6,0.4062,13.3513,0.09784
m,7,0.5247,13.3421,0.09821
m,8,0.5094,13.3843,0.09769
m,9,0.4941,13.4265,0.09716
m,10,0.4789,13.4687,0.09664
m,11,0.4636,13.511,0.09611
m,12,0.4483,13.5532,0.09559
m,13,0.433,13.5954,0.09507
m,14,0.4177,13.6377,0.09454
m,15,0.4059,13.7174,0.09416
m,16,0.3946,13.8006,0.0938
m,17,0.3839,13.8854,0.09347
m,18,0.3735,13.9707,0.09315
m,19,0.3636,14.0558,0.09285
m,20,0.3541,14.1404,0.09257
m,21,0.3449,14.2241,0.0923
m,22,0.336,14.3065,0.09204
m,23,0.3274,14.3877,0.0918
m,24,0.3191,14.4675,0.09156
m,25,0.311,14.5457,0.09134
m,26,0.3032,14.6225,0.09112
m,27,0.2955,14.6977,0.09092
m,28,0.2881,14.7714,0.09072
m,29,0.2809,14.8436,0.09053
m,30,0.2738,14.914,0.09035
m,31,0.2669,14.9822,0.09017
m,32,0.2602,15.0485,0.09
m,33,0.2536,15.1127,0.08984
m,34,0.2472,15.175,0.08968
m,35,0.2409,15.2355,0.08953
m,36,0.2348,15.2942,0.08938
m,37,0.2287,15.3511,0.08924
m,38,0.2228,15.4062,0.0891
m,39,0.217,15.4597,0.08897
m,40,0.2113,15.5115,0.08884
m,41,0.2058,15.5618,0.08871
m,42,0.2003,15.6107,0.08859
m,43,0.1949,15.6582,0.08847
m,44,0.1896,15.7043,0.08835
m,45,0.1844,15.7492,0.08824
m,46,0.1793,15.7929,0.08813
m,47,0.1743,15.8353,0.08802
m,48,0.1693,15.8767,0.08792
m,49,0.1645,15.9169,0.08782
m,50,0.1597,15.956,0.08772
m,51,0.155,15.9941,0.08762
m,52,0.1503,16.0311,0.08753
m,53,0.1457,16.0672,0.08743
m,54,0.1412,16.1023,0.08734
m,55,0.1368,16.1365,0.08725
m,56,0.1324,16.1698,0.08717
m,57,0.128,16.2021,0.08708
m,58,0.1238,16.2336,0.087
m,59,0.1196,16.2642,0.08692
m,60,0.1154,16.2941,0.08684
m,61,0.1113,16.3231,0.08676
m,62,0.1072,16.3513,0.08669
m,63,0.1032,16.3787,0.08661
m,64,0.0993,16.4053,0.08654
m,65,0.0954,16.4312,0.08646
m,66,0.0915,16.4562,0.08639
m,67,0.0877,16.4806,0.08632
m,68,0.084,16.5042,0.08626
m,69,0.0803,16.5271,0.08619
m,70,0.0766,16.5494,0.08612
m,71,0.0729,16.571,0.08606
m,72,0.0693,16.592,0.08599
m,73,0.0658,16.6124,0.08593
m,74,0.0623,16.6321,0.08587
m,75,0.0588,16.6514,0.08581
m,76,0.0554,16.67,0.08575
m,77,0.052,16.6882,0.08569
m,78,0.0486,16.7058,0.08564
m,79,0.0452,16.7229,0.08558
m,80,0.0419,16.7396,0.08552
m,81,0.0387,16.7557,0.08547
m,82,0.0354,16.7715,0.08541
m,83,0.0322,16.7867,0.08536
m,84,0.0291,16.8016,0.08531
m,85,0.0259,16.8161,0.08526
m,86,0.0228,16.8301,0.08521
m,87,0.0197,16.8438,0.08516
m,88,0.0167,16.8571,0.08511
m,89,0.0137,16.8701,0.08506
m,90,0.0107,16.8827,0.08501
m,91,0.0077,16.895,0.08496
m,92,0.0048,16.9069,0.08492
m,93,0.0018,16.9186,0.08487
m,94,-0.0011,16.9299,0.08483
m,95,-0.0039,16.941,0.08478
m,96,-0.0068,16.9518,0.08474
m,97,-0.0096,16.9623,0.0847
m,98,-0.0124,16.9725,0.08465
m,99,-0.0151,16.9825,0.08461
m,100,-0.0179,16.9923,0.08457
m,101,-0.0206,17.0018,0.08453
m,102,-0.0233,17.0111,0.08449
m,103,-0.026,17.0201,0.08445
m,104,-0.0287,17.029,0.08441
m,105,-0.0313,17.0376,0.08437
m,106,-0.0339,17.0461,0.08433
m,107,-0.0365,17.0544,0.08429
m,108,-0.0391,17.0624,0.08426
m,109,-0.0416,17.0704,0.08422
m,110,-0.0442,17.0781,0.08418
m,111,-0.0467,17.0857,0.08415
m,112,-0.0492,17.0931,0.08411
m,113,-0.0517,17.1003,0.08408
m,114,-0.0541,17.1074,0.08404
m,115,-0.0566,17.1144,0.08401
m,116,-0.059,17.1212,0.08397
m,117,-0.0614,17.1279,0.08394
m,118,-0.0638,17.1344,0.08391
m,119,-0.0662,17.1409,0.08387
m,120,-0.0686,17.1472,0.08384
m,121,-0.0709,17.1533,0.08381
m,122,-0.0732,17.1594,0.08378
m,123,-0.0756,17.1653,0.08375
m,124,-0.0779,17.1712,0.08371
m,125,-0.0801,17.1769,0.08368
m,126,-0.0824,17.1825,0.08365
m,127,-0.0847,17.188,0.08362
m,128,-0.0869,17.1934,0.08359
m,129,-0.0891,17.1987,0.08356
m,130,-0.0913,17.2038,0.08354
m,131,-0.0935,17.2089,0.08351
m,132,-0.0957,17.2138,0.08348
m,133,-0.0979,17.2187,0.08345
m,134,-0.1,17.2234,0.08342
m,135,-0.1022,17.2281,0.0834
m,136,-0.1043,17.2326,0.08337
m,137,-0.1064,17.237,0.08334
m,138,-0.1085,17.2414,0.08332
m,139,-0.1106,17.2456,0.08329
m,140,-0.1127,17.2497,0.08326
m,141,-0.1147,17.2537,0.08324
m,142,-0.1168,17.2576,0.08321
m,143,-0.1188,17.2615,0.08319
m,144,-0.1208,17.2652,0.08316
m,145,-0.1229,17.2688,0.08314
m,146,-0.1249,17.2723,0.08311
m,147,-0.1269,17.2757,0.08309
m,148,-0.1288,17.2791,0.08306
m,149,-0.1308,17.2823,0.08304
m,150,-0.1328,17.2854,0.08302
m,151,-0.1347,17.2885,0.08299
m,152,-0.1366,17.2914,0.08297
m,153,-0.1386,17.2943,0.08295
m,154,-0.1405,17.297,0.08292
m,155,-0.1424,17.2997,0.0829
m,156,-0.1443,17.3023,0.08288
m,157,-0.1462,17.3048,0.08285
m,158,-0.148,17.3072,0.08283
m,159,-0.1499,17.3095,0.08281
m,160,-0.1518,17.3117,0.08279
m,161,-0.1536,17.3139,0.08277
m,162,-0.1554,17.316,0.08275
m,163,-0.1573,17.318,0.08272
m,164,-0.1591,17.3199,0.0827
m,165,-0.1609,17.3218,0.08268
m,166,-0.1627,17.3235,0.08266
m,167,-0.1645,17.3252,0.08264
m,168,-0.1663,17.3268,0.08262
m,169,-0.168,17.3284,0.0826
m,170,-0.1698,17.3299,0.08258
m,171,-0.1715,17.3313,0.08256
m,172,-0.1733,17.3326,0.08254
m,173,-0.175,17.3338,0.08252
m,174,-0.1768,17.335,0.0825
m,175,-0.1785,17.3361,0.08248
m,176,-0.1802,17.3371,0.08246
m,177,-0.1819,17.3381,0.08244
m,178,-0.1836,17.339,0.08242
m,179,-0.1853,17.3398,0.08241
m,180,-0.187,17.3406,0.08239
m,181,-0.1886,17.3412,0.08237
m,182,-0.1903,17.3419,0.08235
m,183,-0.1919,17.3424,0.08233
m,184,-0.1936,17.3429,0.08231
m,185,-0.1952,17.3433,0.0823
m,186,-0.1969,17.3437,0.08228
m,187,-0.1985,17.3439,0.08226
m,188,-0.2001,17.3441,0.08224
m,189,-0.2017,17.3443,0.08222
m,190,-0.2033,17.3444,0.08221
m,191,-0.2049,17.3444,0.08219
m,192,-0.2065,17.3443,0.08217
m,193,-0.2081,17.3442,0.08216
m,194,-0.2097,17.344,0.08214
m,195,-0.2112,17.3438,0.08212
m,196,-0.2128,17.3434,0.0821
m,197,-0.2144,17.3431,0.08209
m,198,-0.2159,17.3426,0.08207
m,199,-0.2174,17.3421,0.08205
m,200,-0.219,17.3416,0.08204
m,201,-0.2205,17.3409,0.08202
m,202,-0.222,17.3402,0.08201
m,203,-0.2235,17.3395,0.08199
m,204,-0.2251,17.3387,0.08197
m,205,-0.2266,17.3378,0.08196
m,206,-0.2281,17.3369,0.08194
m,207,-0.2295,17.3359,0.08193
m,208,-0.231,17.3349,0.08191
m,209,-0.2325,17.3338,0.08189
m,210,-0.234,17.3326,0.08188
m,211,-0.2354,17.3314,0.08186
m,212,-0.2369,17.3302,0.08185
m,213,-0.2384,17.3289,0.08183
m,214,-0.2398,17.3275,0.08182
m,215,-0.2413,17.3261,0.0818
m,216,-0.2427,17.3246,0.08179
m,217,-0.2441,17.323,0.08177
m,218,-0.2456,17.3215,0.08176
m,219,-0.247,17.3198,0.08174
m,220,-0.2484,17.3181,0.08173
m,221,-0.2498,17.3164,0.08171
m,222,-0.2512,17.3146,0.0817
m,223,-0.2526,17.3127,0.08168
m,224,-0.254,17.3108,0.08167
m,225,-0.2554,17.3089,0.08165
m,226,-0.2568,17.3069,0.08164
m,227,-0.2581,17.3048,0.08163
m,228,-0.2595,17.3027,0.08161
m,229,-0.2609,17.3006,0.0816
m,230,-0.2622,17.2984,0.08158
m,231,-0.2636,17.2962,0.08157
m,232,-0.265,17.2939,0.08155
m,233,-0.2663,17.2916,0.08154
m,234,-0.2676,17.2892,0.08153
m,235,-0.269,17.2868,0.08151
m,236,-0.2703,17.2844,0.0815
m,237,-0.2716,17.2819,0.08149
m,238,-0.273,17.2794,0.08147
m,239,-0.2743,17.2768,0.08146
m,240,-0.2756,17.2742,0.08145
m,241,-0.2769,17.2715,0.08143
m,242,-0.2782,17.2688,0.08142
m,243,-0.2795,17.2661,0.08141
m,244,-0.2808,17.2633,0.08139
m,245,-0.2821,17.2605,0.08138
m,246,-0.2834,17.2577,0.08137
m,247,-0.2847,17.2548,0.08135
m,248,-0.2859,17.2519,0.08134
m,249,-0.2872,17.249,0.08133
m,250,-0.2885,17.246,0.08131
m,251,-0.2898,17.243,0.0813
m,252,-0.291,17.2399,0.08129
m,253,-0.2923,17.2368,0.08128
m,254,-0.2935,17.2337,0.08126
m,255,-0.2948,17.2306,0.08125
m,256,-0.296,17.2274,0.08124
m,257,-0.2972,17.2242,0.08122
m,258,-0.2985,17.221,0.08121
m,259,-0.2997,17.2177,0.0812
m,260,-0.3009,17.2144,0.08119
m,261,-0.3022,17.2111,0.08117
m,262,-0.3034,17.2078,0.08116
m,263,-0.3046,17.2044,0.08115
m,264,-0.3058,17.2011,0.08114
m,265,-0.307,17.1976,0.08113
m,266,-0.3082,17.1942,0.08111
m,267,-0.3094,17.1908,0.0811
m,268,-0.3106,17.1873,0.08109
m,269,-0.3118,17.1838,0.08108
m,270,-0.313,17.1803,0.08107
m,271,-0.3142,17.1767,0.08105
m,272,-0.3153,17.1731,0.08104
m,273,-0.3165,17.1696,0.08103
m,274,-0.3177,17.1659,0.08102
m,275,-0.3189,17.1623,0.08101
m,276,-0.32,17.1587,0.08099
m,277,-0.3212,17.155,0.08098
m,278,-0.3223,17.1513,0.08097
m,279,-0.3235,17.1476,0.08096
m,280,-0.3246,17.1439,0.08095
m,281,-0.3258,17.1402,0.08094
m,282,-0.3269,17.1364,0.08093
m,283,-0.3281,17.1326,0.08091
m,284,-0.3292,17.1288,0.0809
m,285,-0.3303,17.125,0.08089
m,286,-0.3315,17.1212,0.08088
m,287,-0.3326,17.1174,0.08087
m,288,-0.3337,17.1135,0.08086
m,289,-0.3348,17.1097,0.08085
m,290,-0.3359,17.1058,0.08084
m,291,-0.3371,17.1019,0.08082
m,292,-0.3382,17.098,0.08081
m,293,-0.3393,17.0941,0.0808
m,294,-0.3404,17.0901,0.08079
m,295,-0.3415,17.0862,0.08078
m,296,-0.3426,17.0823,0.08077
m,297,-0.3437,17.0783,0.08076
m,298,-0.3448,17.0743,0.08075
m,299,-0.3458,17.0703,0.08074
m,300,-0.3469,17.0663,0.08073
m,301,-0.348,17.0623,0.08071
m,302,-0.3491,17.0583,0.0807
m,303,-0.3502,17.0543,0.08069
m,304,-0.3512,17.0503,0.08068
m,305,-0.3523,17.0463,0.08067
m,306,-0.3534,17.0422,0.08066
m,307,-0.3544,17.0382,0.08065
m,308,-0.3555,17.0341,0.08064
m,309,-0.3565,17.0301,0.08063
m,310,-0.3576,17.026,0.08062
m,311,-0.3586,17.0219,0.08061
m,312,-0.3597,17.0178,0.0806
m,313,-0.3607,17.0138,0.08059
m,314,-0.3618,17.0097,0.08058
m,315,-0.3628,17.0056,0.08057
m,316,-0.3638,17.0015,0.08056
m,317,-0.3649,16.9974,0.08055
m,318,-0.3659,16.9933,0.08054
m,319,-0.3669,16.9892,0.08053
m,320,-0.3679,16.985,0.08052
m,321,-0.369,16.9809,0.08051
m,322,-0.37,16.9768,0.0805
m,323,-0.371,16.9727,0.08049
m,324,-0.372,16.9686,0.08048
m,325,-0.373,16.9644,0.08047
m,326,-0.374,16.9603,0.08046
m,327,-0.375,16.9562,0.08045
m,328,-0.376,16.9521,0.08044
m,329,-0.377,16.9479,0.08043
m,330,-0.378,16.9438,0.08042
m,331,-0.379,16.9397,0.08041
m,332,-0.38,16.9355,0.0804
m,333,-0.381,16.9314,0.08039
m,334,-0.382,16.9273,0.08038
m,335,-0.383,16.9231,0.08037
m,336,-0.3839,16.919,0.08036
m,337,-0.3849,16.9148,0.08035
m,338,-0.3859,16.9107,0.08034
m,339,-0.3869,16.9066,0.08033
m,340,-0.3878,16.9024,0.08032
m,341,-0.3888,16.8983,0.08031
m,342,-0.3898,16.8942,0.0803
m,343,-0.3907,16.89,0.08029
m,344,-0.3917,16.8859,0.08028
m,345,-0.3926,16.8817,0.08027
m,346,-0.3936,16.8776,0.08026
m,347,-0.3945,16.8735,0.08025
m,348,-0.3955,16.8693,0.08024
m,349,-0.3964,16.8652,0.08023
m,350,-0.3974,16.861,0.08022
m,351,-0.3983,16.8569,0.08022
m,352,-0.3993,16.8528,0.08021
m,353,-0.4002,16.8486,0.0802
m,354,-0.4011,16.8445,0.08019
m,355,-0.4021,16.8404,0.08018
m,356,-0.403,16.8363,0.08017
m,357,-0.4039,16.8321,0.08016
m,358,-0.4049,16.828,0.08015
m,359,-0.4058,16.8239,0.08014
m,360,-0.4067,16.8198,0.08013
m,361,-0.4076,16.8156,0.08012
m,362,-0.4085,16.8115,0.08011
m,363,-0.4095,16.8074,0.08011
m,364,-0.4104,16.8033,0.0801
m,365,-0.4113,16.7992,0.08009
m,366,-0.4122,16.7951,0.08008
m,367,-0.4131,16.7909,0.08007
m,368,-0.414,16.7868,0.08006
m,369,-0.4149,16.7827,0.08005
m,370,-0.4158,16.7786,0.08004
m,371,-0.4167,16.7745,0.08003
m,372,-0.4176,16.7704,0.08003
m,373,-0.4185,16.7663,0.08002
m,374,-0.4194,16.7622,0.08001
m,375,-0.4203,16.7582,0.08
m,376,-0.4211,16.7541,0.07999
m,377,-0.422,16.75,0.07998
m,378,-0.4229,16.7459,0.07997
m,379,-0.4238,16.7418,0.07996
m,380,-0.4247,16.7377,0.07996
m,381,-0.4255,16.7337,0.07995
m,382,-0.4264,16.7296,0.07994
m,383,-0.4273,16.7255,0.07993
m,384,-0.4282,16.7215,0.07992
m,385,-0.429,16.7174,0.07991
m,386,-0.4299,16.7134,0.0799
m,387,-0.4308,16.7093,0.0799
m,388,-0.4316,16.7053,0.07989
m,389,-0.4325,16.7012,0.07988
m,390,-0.4333,16.6972,0.07987
m,391,-0.4342,16.6932,0.07986
m,392,-0.435,16.6891,0.07985
m,393,-0.4359,16.6851,0.07984
m,394,-0.4367,16.6811,0.07984
m,395,-0.4376,16.6771,0.07983
m,396,-0.4384,16.6731,0.07982
m,397,-0.4393,16.6691,0.07981
m,398,-0.4401,16.6651,0.0798
m,399,-0.441,16.6611,0.0798
m,400,-0.4418,16.6571,0.07979
m,401,-0.4426,16.6531,0.07978
m,402,-0.4435,16.6491,0.07977
m,403,-0.4443,16.6451,0.07976
m,404,-0.4451,16.6412,0.07975
m,405,-0.446,16.6372,0.07975
m,406,-0.4468,16.6332,0.07974
m,407,-0.4476,16.6293,0.07973
m,408,-0.4484,16.6253,0.07972
m,409,-0.4493,16.6214,0.07971
m,410,-0.4501,16.6175,0.07971
m,411,-0.4509,16.6135,0.0797
m,412,-0.4517,16.6096,0.07969
m,413,-0.4525,16.6057,0.07968
m,414,-0.4533,16.6018,0.07967
m,415,-0.4541,16.5979,0.07966
m,416,-0.455,16.594,0.07966
m,417,-0.4558,16.5901,0.07965
m,418,-0.4566,16.5862,0.07964
m,419,-0.4574,16.5823,0.07963
m,420,-0.4582,16.5784,0.07963
m,421,-0.459,16.5745,0.07962
m,422,-0.4598,16.5707,0.07961
m,423,-0.4606,16.5668,0.0796
m,424,-0.4614,16.5629,0.07959
m,425,-0.4621,16.5591,0.07959
m,426,-0.4629,16.5553,0.07958
m,427,-0.4637,16.5514,0.07957
m,428,-0.4645,16.5476,0.07956
m,429,-0.4653,16.5438,0.07955
m,430,-0.4661,16.5399,0.07955
m,431,-0.4669,16.5361,0.07954
m,432,-0.4677,16.5323,0.07953
m,433,-0.4684,16.5285,0.07952
m,434,-0.4692,16.5247,0.07952
m,435,-0.47,16.5209,0.07951
m,436,-0.4708,16.5172,0.0795
m,437,-0.4715,16.5134,0.07949
m,438,-0.4723,16.5096,0.07949
m,439,-0.4731,16.5059,0.07948
m,440,-0.4738,16.5021,0.07947
m,441,-0.4746,16.4984,0.07946
m,442,-0.4754,16.4946,0.07946
m,443,-0.4761,16.4909,0.07945
m,444,-0.4769,16.4871,0.07944
m,445,-0.4777,16.4834,0.07943
m,446,-0.4784,16.4797,0.07943
m,447,-0.4792,16.476,0.07942
m,448,-0.4799,16.4723,0.07941
m,449,-0.4807,16.4686,0.0794
m,450,-0.4814,16.4649,0.0794
m,451,-0.4822,16.4612,0.07939
m,452,-0.4829,16.4576,0.07938
m,453,-0.4837,16.4539,0.07937
m,454,-0.4844,16.4502,0.07937
m,455,-0.4852,16.4466,0.07936
m,456,-0.4859,16.4429,0.07935
m,457,-0.4867,16.4393,0.07934
m,458,-0.4874,16.4357,0.07934
m,459,-0.4881,16.432,0.07933
m,460,-0.4889,16.4284,0.07932
m,461,-0.4896,16.4248,0.07931
m,462,-0.4903,16.4212,0.07931
m,463,-0.4911,16.4176,0.0793
m,464,-0.4918,16.414,0.07929
m,465,-0.4925,16.4104,0.07929
m,466,-0.4933,16.4069,0.07928
m,467,-0.494,16.4033,0.07927
m,468,-0.4947,16.3997,0.07926
m,469,-0.4954,16.3962,0.07926
m,470,-0.4962,16.3926,0.07925
m,471,-0.4969,16.3891,0.07924
m,472,-0.4976,16.3856,0.07924
m,473,-0.4983,16.3821,0.07923
m,474,-0.499,16.3785,0.07922
m,475,-0.4997,16.375,0.07921
m,476,-0.5005,16.3715,0.07921
m,477,-0.5012,16.368,0.0792
m,478,-0.5019,16.3646,0.07919
m,479,-0.5026,16.3611,0.07919
m,480,-0.5033,16.3576,0.07918
m,481,-0.504,16.3541,0.07917
m,482,-0.5047,16.3507,0.07916
m,483,-0.5054,16.3472,0.07916
m,484,-0.5061,16.3438,0.07915
m,485,-0.5068,16.3404,0.07914
m,486,-0.5075,16.3369,0.07914
m,487,-0.5082,16.3335,0.07913
m,488,-0.5089,16.3301,0.07912
m,489,-0.5096,16.3267,0.07912
m,490,-0.5103,16.3233,0.07911
m,491,-0.511,16.3199,0.0791
m,492,-0.5117,16.3165,0.07909
m,493,-0.5124,16.3131,0.07909
m,494,-0.5131,16.3098,0.07908
m,495,-0.5138,16.3064,0.07907
m,496,-0.5144,16.3031,0.07907
m,497,-0.5151,16.2997,0.07906
m,498,-0.5158,16.2964,0.07905
m,499,-0.5165,16.293,0.07905
m,500,-0.5172,16.2897,0.07904
m,501,-0.5179,16.2864,0.07903
m,502,-0.5185,16.2831,0.07903
m,503,-0.5192,16.2798,0.07902
m,504,-0.5199,16.2765,0.07901
m,505,-0.5206,16.2732,0.07901
m,506,-0.5212,16.2699,0.079
m,507,-0.5219,16.2666,0.07899
m,508,-0.5226,16.2634,0.07899
m,509,-0.5233,16.2601,0.07898
m,510,-0.5239,16.2568,0.07897
m,511,-0.5246,16.2536,0.07897
m,512,-0.5253,16.2504,0.07896
m,513,-0.5259,16.2471,0.07895
m,514,-0.5266,16.2439,0.07895
m,515,-0.5273,16.2407,0.07894
m,516,-0.5279,16.2375,0.07893
m,517,-0.5286,16.2343,0.07893
m,518,-0.5292,16.2311,0.07892
m,519,-0.5299,16.2279,0.07891
m,520,-0.5306,16.2247,0.07891
m,521,-0.5312,16.2215,0.0789
m,522,-0.5319,16.2184,0.07889
m,523,-0.5325,16.2152,0.07889
m,524,-0.5332,16.2121,0.07888
m,525,-0.5338,16.2089,0.07887
m,526,-0.5345,16.2058,0.07887
m,527,-0.5351,16.2027,0.07886
m,528,-0.5358,16.1996,0.07885
m,529,-0.5364,16.1964,0.07885
m,530,-0.5371,16.1933,0.07884
m,531,-0.5377,16.1902,0.07883
m,532,-0.5383,16.1872,0.07883
m,533,-0.539,16.1841,0.07882
m,534,-0.5396,16.181,0.07881
m,535,-0.5403,16.1779,0.07881
m,536,-0.5409,16.1749,0.0788
m,537,-0.5415,16.1718,0.0788
m,538,-0.5422,16.1688,0.07879
m,539,-0.5428,16.1658,0.07878
m,540,-0.5434,16.1627,0.07878
m,541,-0.5441,16.1597,0.07877
m,542,-0.5447,16.1567,0.07876
m,543,-0.5453,16.1537,0.07876
m,544,-0.546,16.1507,0.07875
m,545,-0.5466,16.1477,0.07874
m,546,-0.5472,16.1447,0.07874
m,547,-0.5479,16.1418,0.07873
m,548,-0.5485,16.1388,0.07873
m,549,-0.5491,16.1359,0.07872
m,550,-0.5497,16.1329,0.07871
m,551,-0.5503,16.13,0.07871
m,552,-0.551,16.127,0.0787
m,553,-0.5516,16.1241,0.07869
m,554,-0.5522,16.1212,0.07869
m,555,-0.5528,16.1183,0.07868
m,556,-0.5534,16.1154,0.07867
m,557,-0.5541,16.1125,0.07867
m,558,-0.5547,16.1096,0.07866
m,559,-0.5553,16.1067,0.07866
m,560,-0.5559,16.1039,0.07865
m,561,-0.5565,16.101,0.07864
m,562,-0.5571,16.0981,0.07864
m,563,-0.5577,16.0953,0.07863
m,564,-0.5583,16.0925,0.07863
m,565,-0.5589,16.0896,0.07862
m,566,-0.5595,16.0868,0.07861
m,567,-0.5602,16.084,0.07861
m,568,-0.5608,16.0812,0.0786
m,569,-0.5614,16.0784,0.07859
m,570,-0.562,16.0756,0.07859
m,571,-0.5626,16.0728,0.07858
m,572,-0.5632,16.0701,0.07858
m,573,-0.5638,16.0673,0.07857
m,574,-0.5644,16.0646,0.07856
m,575,-0.565,16.0618,0.07856
m,576,-0.5656,16.0591,0.07855
m,577,-0.5662,16.0564,0.07855
m,578,-0.5667,16.0536,0.07854
m,579,-0.5673,16.0509,0.07853
m,580,-0.5679,16.0482,0.07853
m,581,-0.5685,16.0455,0.07852
m,582,-0.5691,16.0429,0.07852
m,583,-0.5697,16.0402,0.07851
m,584,-0.5703,16.0375,0.0785
m,585,-0.5709,16.0349,0.0785
m,586,-0.5715,16.0322,0.07849
m,587,-0.5721,16.0296,0.07849
m,588,-0.5726,16.0269,0.07848
m,589,-0.5732,16.0243,0.07847
m,590,-0.5738,16.0217,0.07847
m,591,-0.5744,16.0191,0.07846
m,592,-0.575,16.0165,0.07846
m,593,-0.5755,16.0139,0.07845
m,594,-0.5761,16.0113,0.07844
m,595,-0.5767,16.0088,0.07844
m,596,-0.5773,16.0062,0.07843
m,597,-0.5779,16.0036,0.07843
m,598,-0.5784,16.0011,0.07842
m,599,-0.579,15.9986,0.07841
m,600,-0.5796,15.996,0.07841
m,601,-0.5802,15.9935,0.0784
m,602,-0.5807,15.991,0.0784
m,603,-0.5813,15.9885,0.07839
m,604,-0.5819,15.986,0.07838
m,605,-0.5824,15.9835,0.07838
m,606,-0.583,15.9811,0.07837
m,607,-0.5836,15.9786,0.07837
m,608,-0.5841,15.9761,0.07836
m,609,-0.5847,15.9737,0.07836
m,610,-0.5853,15.9713,0.07835
m,611,-0.5858,15.9688,0.07834
m,612,-0.5864,15.9664,0.07834
m,613,-0.587,15.964,0.07833
m,614,-0.5875,15.9616,0.07833
m,615,-0.5881,15.9592,0.07832
m,616,-0.5886,15.9568,0.07832
m,617,-0.5892,15.9544,0.07831
m,618,-0.5898,15.9521,0.0783
m,619,-0.5903,15.9497,0.0783
m,620,-0.5909,15.9473,0.07829
m,621,-0.5914,15.945,0.07829
m,622,-0.592,15.9427,0.07828
m,623,-0.5925,15.9403,0.07827
m,624,-0.5931,15.938,0.07827
m,625,-0.5936,15.9357,0.07826
m,626,-0.5942,15.9334,0.07826
m,627,-0.5947,15.9311,0.07825
m,628,-0.5953,15.9288,0.07825
m,629,-0.5958,15.9266,0.07824
m,630,-0.5964,15.9243,0.07824
m,631,-0.5969,15.922,0.07823
m,632,-0.5975,15.9198,0.07822
m,633,-0.598,15.9176,0.07822
m,634,-0.5986,15.9153,0.07821
m,635,-0.5991,15.9131,0.07821
m,636,-0.5996,15.9109,0.0782
m,637,-0.6002,15.9087,0.0782
m,638,-0.6007,15.9065,0.07819
m,639,-0.6013,15.9043,0.07818
m,640,-0.6018,15.9021,0.07818
m,641,-0.6023,15.9,0.07817
m,642,-0.6029,15.8978,0.07817
m,643,-0.6034,15.8956,0.07816
m,644,-0.604,15.8935,0.07816
m,645,-0.6045,15.8913,0.07815
m,646,-0.605,15.8892,0.07815
m,647,-0.6056,15.8871,0.07814
m,648,-0.6061,15.885,0.07813
m,649,-0.6066,15.8829,0.07813
m,650,-0.6072,15.8808,0.07812
m,651,-0.6077,15.8787,0.07812
m,652,-0.6082,15.8766,0.07811
m,653,-0.6087,15.8745,0.07811
m,654,-0.6093,15.8725,0.0781
m,655,-0.6098,15.8704,0.0781
m,656,-0.6103,15.8684,0.07809
m,657,-0.6109,15.8663,0.07809
m,658,-0.6114,15.8643,0.07808
m,659,-0.6119,15.8623,0.07807
m,660,-0.6124,15.8602,0.07807
m,661,-0.613,15.8582,0.07806
m,662,-0.6135,15.8562,0.07806
m,663,-0.614,15.8542,0.07805
m,664,-0.6145,15.8522,0.07805
m,665,-0.615,15.8503,0.07804
m,666,-0.6156,15.8483,0.07804
m,667,-0.6161,15.8463,0.07803
m,668,-0.6166,15.8444,0.07803
m,669,-0.6171,15.8424,0.07802
m,670,-0.6176,15.8405,0.07802
m,671,-0.6181,15.8385,0.07801
m,672,-0.6187,15.8366,0.078
m,673,-0.6192,15.8347,0.078
m,674,-0.6197,15.8328,0.07799
m,675,-0.6202,15.8309,0.07799
m,676,-0.6207,15.829,0.07798
m,677,-0.6212,15.8271,0.07798
m,678,-0.6217,15.8252,0.07797
m,679,-0.6222,15.8233,0.07797
m,680,-0.6227,15.8214,0.07796
m,681,-0.6233,15.8196,0.07796
m,682,-0.6238,15.8177,0.07795
m,683,-0.6243,15.8158,0.07795
m,684,-0.6248,15.814,0.07794
m,685,-0.6253,15.8122,0.07794
m,686,-0.6258,15.8103,0.07793
m,687,-0.6263,15.8085,0.07792
m,688,-0.6268,15.8067,0.07792
m,689,-0.6273,15.8049,0.07791
m,690,-0.6278,15.8031,0.07791
m,691,-0.6283,15.8013,0.0779
m,692,-0.6288,15.7995,0.0779
m,693,-0.6293,15.7977,0.07789
m,694,-0.6298,15.7959,0.07789
m,695,-0.6303,15.7941,0.07788
m,696,-0.6308,15.7924,0.07788
m,697,-0.6313,15.7906,0.07787
m,698,-0.6318,15.7888,0.07787
m,699,-0.6323,15.7871,0.07786
m,700,-0.6328,15.7853,0.07786
m,701,-0.6333,15.7836,0.07785
m,702,-0.6338,15.7819,0.07785
m,703,-0.6343,15.7802,0.07784
m,704,-0.6348,15.7784,0.07784
m,705,-0.6352,15.7767,0.07783
m,706,-0.6357,15.775,0.07783
m,707,-0.6362,15.7733,0.07782
m,708,-0.6367,15.7716,0.07782
m,709,-0.6372,15.7699,0.07781
m,710,-0.6377,15.7682,0.07781
m,711,-0.6382,15.7665,0.0778
m,712,-0.6387,15.7649,0.0778
m,713,-0.6392,15.7632,0.07779
m,714,-0.6396,15.7615,0.07779
m,715,-0.6401,15.7599,0.07778
m,716,-0.6406,15.7582,0.07778
m,717,-0.6411,15.7566,0.07777
m,718,-0.6416,15.7549,0.07777
m,719,-0.6421,15.7533,0.07776
m,720,-0.6425,15.7517,0.07776
m,721,-0.643,15.75,0.07775
m,722,-0.6435,15.7484,0.07775
m,723,-0.644,15.7468,0.07774
m,724,-0.6445,15.7452,0.07774
m,725,-0.6449,15.7436,0.07773
m,726,-0.6454,15.742,0.07773
m,727,-0.6459,15.7404,0.07772
m,728,-0.6464,15.7388,0.07772
m,729,-0.6469,15.7372,0.07771
m,730,-0.6473,15.7356,0.07771
m,731,-0.6187,16.0189,0.07785
m,732,-0.6175,16.0176,0.07785
m,733,-0.6164,16.0163,0.07785
m,734,-0.6152,16.015,0.07785
m,735,-0.614,16.0136,0.07786
m,736,-0.6129,16.0123,0.07786
m,737,-0.6117,16.011,0.07786
m,738,-0.6105,16.0097,0.07786
m,739,-0.6094,16.0084,0.07787
m,740,-0.6082,16.0071,0.07787
m,741,-0.607,16.0058,0.07787
m,742,-0.6059,16.0045,0.07787
m,743,-0.6047,16.0032,0.07787
m,744,-0.6036,16.0019,0.07788
m,745,-0.6024,16.0006,0.07788
m,746,-0.6012,15.9993,0.07788
m,747,-0.6001,15.998,0.07788
m,748,-0.5989,15.9967,0.07789
m,749,-0.5978,15.9954,0.07789
m,750,-0.5966,15.9941,0.07789
m,751,-0.5955,15.9928,0.07789
m,752,-0.5943,15.9915,0.07789
m,753,-0.5932,15.9902,0.0779
m,754,-0.592,15.9889,0.0779
m,755,-0.5909,15.9876,0.0779
m,756,-0.5897,15.9863,0.0779
m,757,-0.5886,15.985,0.07791
m,758,-0.5874,15.9838,0.07791
m,759,-0.5863,15.9825,0.07791
m,760,-0.5851,15.9812,0.07791
m,761,-0.584,15.9799,0.07792
m,762,-0.5828,15.9786,0.07792
m,763,-0.5817,15.9773,0.07792
m,764,-0.5805,15.976,0.07792
m,765,-0.5794,15.9748,0.07793
m,766,-0.5783,15.9735,0.07793
m,767,-0.5771,15.9722,0.07793
m,768,-0.576,15.9709,0.07793
m,769,-0.5748,15.9697,0.07794
m,770,-0.5737,15.9684,0.07794
m,771,-0.5726,15.9671,0.07794
m,772,-0.5714,15.9658,0.07794
m,773,-0.5703,15.9646,0.07795
m,774,-0.5692,15.9633,0.07795
m,775,-0.568,15.962,0.07795
m,776,-0.5669,15.9607,0.07795
m,777,-0.5658,15.9595,0.07796
m,778,-0.5647,15.9582,0.07796
m,779,-0.5635,15.9569,0.07796
m,780,-0.5624,15.9557,0.07796
m,781,-0.5613,15.9544,0.07797
m,782,-0.5602,15.9532,0.07797
m,783,-0.559,15.9519,0.07797
m,784,-0.5579,15.9506,0.07798
m,785,-0.5568,15.9494,0.07798
m,786,-0.5557,15.9481,0.07798
m,787,-0.5546,15.9468,0.07798
m,788,-0.5535,15.9456,0.07799
m,789,-0.5523,15.9443,0.07799
m,790,-0.5512,15.9431,0.07799
m,791,-0.5501,15.9418,0.07799
m,792,-0.549,15.9406,0.078
m,793,-0.5479,15.9393,0.078
m,794,-0.5468,15.9381,0.078
m,795,-0.5457,15.9368,0.07801
m,796,-0.5446,15.9356,0.07801
m,797,-0.5435,15.9343,0.07801
m,798,-0.5424,15.9331,0.07801
m,799,-0.5413,15.9318,0.07802
m,800,-0.5402,15.9306,0.07802
m,801,-0.5391,15.9293,0.07802
m,802,-0.538,15.9281,0.07803
m,803,-0.5369,15.9268,0.07803
m,804,-0.5358,15.9256,0.07803
m,805,-0.5347,15.9244,0.07803
m,806,-0.5336,15.9231,0.07804
m,807,-0.5325,15.9219,0.07804
m,808,-0.5315,15.9206,0.07804
m,809,-0.5304,15.9194,0.07805
m,810,-0.5293,15.9182,0.07805
m,811,-0.5282,15.9169,0.07805
m,812,-0.5271,15.9157,0.07805
m,813,-0.526,15.9145,0.07806
m,814,-0.525,15.9132,0.07806
m,815,-0.5239,15.912,0.07806
m,816,-0.5228,15.9108,0.07807
m,817,-0.5217,15.9095,0.07807
m,818,-0.5207,15.9083,0.07807
m,819,-0.5196,15.9071,0.07808
m,820,-0.5185,15.9058,0.07808
m,821,-0.5175,15.9046,0.07808
m,822,-0.5164,15.9034,0.07809
m,823,-0.5153,15.9022,0.07809
m,824,-0.5143,15.9009,0.07809
m,825,-0.5132,15.8997,0.07809
m,826,-0.5122,15.8985,0.0781
m,827,-0.5111,15.8973,0.0781
m,828,-0.5101,15.8961,0.0781
m,829,-0.509,15.8948,0.07811
m,830,-0.508,15.8936,0.07811
m,831,-0.5069,15.8924,0.07811
m,832,-0.5059,15.8912,0.07812
m,833,-0.5048,15.89,0.07812
m,834,-0.5038,15.8888,0.07812
m,835,-0.5027,15.8875,0.07813
m,836,-0.5017,15.8863,0.07813
m,837,-0.5006,15.8851,0.07813
m,838,-0.4996,15.8839,0.07814
m,839,-0.4986,15.8827,0.07814
m,840,-0.4975,15.8815,0.07814
m,841,-0.4965,15.8803,0.07815
m,842,-0.4955,15.8791,0.07815
m,843,-0.4944,15.8779,0.07815
m,844,-0.4934,15.8767,0.07816
m,845,-0.4924,15.8755,0.07816
m,846,-0.4914,15.8742,0.07816
m,847,-0.4904,15.873,0.07817
m,848,-0.4893,15.8718,0.07817
m,849,-0.4883,15.8706,0.07817
m,850,-0.4873,15.8694,0.07818
m,851,-0.4863,15.8682,0.07818
m,852,-0.4853,15.867,0.07818
m,853,-0.4843,15.8658,0.07819
m,854,-0.4833,15.8646,0.07819
m,855,-0.4823,15.8634,0.07819
m,856,-0.4813,15.8622,0.0782
m,857,-0.4803,15.8611,0.0782
m,858,-0.4793,15.8599,0.0782
m,859,-0.4783,15.8587,0.07821
m,860,-0.4773,15.8575,0.07821
m,861,-0.4763,15.8563,0.07821
m,862,-0.4753,15.8551,0.07822
m,863,-0.4743,15.8539,0.07822
m,864,-0.4733,15.8527,0.07822
m,865,-0.4723,15.8515,0.07823
m,866,-0.4713,15.8503,0.07823
m,867,-0.4704,15.8491,0.07824
m,868,-0.4694,15.848,0.07824
m,869,-0.4684,15.8468,0.07824
m,870,-0.4674,15.8456,0.07825
m,871,-0.4665,15.8444,0.07825
m,872,-0.4655,15.8432,0.07825
m,873,-0.4645,15.842,0.07826
m,874,-0.4636,15.8409,0.07826
m,875,-0.4626,15.8397,0.07826
m,876,-0.4616,15.8385,0.07827
m,877,-0.4607,15.8373,0.07827
m,878,-0.4597,15.8361,0.07828
m,879,-0.4587,15.835,0.07828
m,880,-0.4578,15.8338,0.07828
m,881,-0.4568,15.8326,0.07829
m,882,-0.4559,15.8314,0.07829
m,883,-0.4549,15.8303,0.07829
m,884,-0.454,15.8291,0.0783
m,885,-0.4531,15.8279,0.0783
m,886,-0.4521,15.8267,0.07831
m,887,-0.4512,15.8256,0.07831
m,888,-0.4502,15.8244,0.07831
m,889,-0.4493,15.8232,0.07832
m,890,-0.4484,15.8221,0.07832
m,891,-0.4474,15.8209,0.07832
m,892,-0.4465,15.8197,0.07833
m,893,-0.4456,15.8186,0.07833
m,894,-0.4446,15.8174,0.07834
m,895,-0.4437,15.8162,0.07834
m,896,-0.4428,15.8151,0.07834
m,897,-0.4419,15.8139,0.07835
m,898,-0.441,15.8127,0.07835
m,899,-0.4401,15.8116,0.07835
m,900,-0.4391,15.8104,0.07836
m,901,-0.4382,15.8093,0.07836
m,902,-0.4373,15.8081,0.07837
m,903,-0.4364,15.8069,0.07837
m,904,-0.4355,15.8058,0.07837
m,905,-0.4346,15.8046,0.07838
m,906,-0.4337,15.8035,0.07838
m,907,-0.4328,15.8023,0.07839
m,908,-0.4319,15.8012,0.07839
m,909,-0.431,15.8,0.07839
m,910,-0.4301,15.7989,0.0784
m,911,-0.4293,15.7977,0.0784
m,912,-0.4284,15.7966,0.07841
m,913,-0.4275,15.7954,0.07841
m,914,-0.4266,15.7943,0.07841
m,915,-0.4257,15.7931,0.07842
m,916,-0.4249,15.792,0.07842
m,917,-0.424,15.7908,0.07843
m,918,-0.4231,15.7897,0.07843
m,919,-0.4222,15.7885,0.07843
m,920,-0.4214,15.7874,0.07844
m,921,-0.4205,15.7862,0.07844
m,922,-0.4196,15.7851,0.07845
m,923,-0.4188,15.7839,0.07845
m,924,-0.4179,15.7828,0.07845
m,925,-0.4171,15.7817,0.07846
m,926,-0.4162,15.7805,0.07846
m,927,-0.4154,15.7794,0.07847
m,928,-0.4145,15.7782,0.07847
m,929,-0.4137,15.7771,0.07848
m,930,-0.4128,15.776,0.07848
m,931,-0.412,15.7748,0.07848
m,932,-0.4111,15.7737,0.07849
m,933,-0.4103,15.7726,0.07849
m,934,-0.4095,15.7714,0.0785
m,935,-0.4086,15.7703,0.0785
m,936,-0.4078,15.7692,0.0785
m,937,-0.407,15.768,0.07851
m,938,-0.4062,15.7669,0.07851
m,939,-0.4053,15.7658,0.07852
m,940,-0.4045,15.7646,0.07852
m,941,-0.4037,15.7635,0.07853
m,942,-0.4029,15.7624,0.07853
m,943,-0.4021,15.7612,0.07853
m,944,-0.4013,15.7601,0.07854
m,945,-0.4005,15.759,0.07854
m,946,-0.3997,15.7579,0.07855
m,947,-0.3988,15.7567,0.07855
m,948,-0.398,15.7556,0.07856
m,949,-0.3973,15.7545,0.07856
m,950,-0.3965,15.7534,0.07857
m,951,-0.3957,15.7522,0.07857
m,952,-0.3949,15.7511,0.07857
m,953,-0.3941,15.75,0.07858
m,954,-0.3933,15.7489,0.07858
m,955,-0.3925,15.7478,0.07859
m,956,-0.3917,15.7466,0.07859
m,957,-0.391,15.7455,0.0786
m,958,-0.3902,15.7444,0.0786
m,959,-0.3894,15.7433,0.07861
m,960,-0.3886,15.7422,0.07861
m,961,-0.3879,15.7411,0.07861
m,962,-0.3871,15.74,0.07862
m,963,-0.3864,15.7388,0.07862
m,964,-0.3856,15.7377,0.07863
m,965,-0.3848,15.7366,0.07863
m,966,-0.3841,15.7355,0.07864
m,967,-0.3833,15.7344,0.07864
m,968,-0.3826,15.7333,0.07865
m,969,-0.3818,15.7322,0.07865
m,970,-0.3811,15.7311,0.07865
m,971,-0.3804,15.73,0.07866
m,972,-0.3796,15.7289,0.07866
m,973,-0.3789,15.7278,0.07867
m,974,-0.3782,15.7267,0.07867
m,975,-0.3774,15.7256,0.07868
m,976,-0.3767,15.7245,0.07868
m,977,-0.376,15.7234,0.07869
m,978,-0.3753,15.7222,0.07869
m,979,-0.3745,15.7211,0.0787
m,980,-0.3738,15.72,0.0787
m,981,-0.3731,15.719,0.07871
m,982,-0.3724,15.7179,0.07871
m,983,-0.3717,15.7168,0.07872
m,984,-0.371,15.7157,0.07872
m,985,-0.3703,15.7146,0.07872
m,986,-0.3696,15.7135,0.07873
m,987,-0.3689,15.7124,0.07873
m,988,-0.3682,15.7113,0.07874
m,989,-0.3675,15.7102,0.07874
m,990,-0.3668,15.7091,0.07875
m,991,-0.3661,15.708,0.07875
m,992,-0.3655,15.7069,0.07876
m,993,-0.3648,15.7058,0.07876
m,994,-0.3641,15.7047,0.07877
m,995,-0.3634,15.7037,0.07877
m,996,-0.3628,15.7026,0.07878
m,997,-0.3621,15.7015,0.07878
m,998,-0.3614,15.7004,0.07879
m,999,-0.3608,15.6993,0.07879
m,1000,-0.3601,15.6982,0.0788
m,1001,-0.3594,15.6971,0.0788
m,1002,-0.3588,15.6961,0.07881
m,1003,-0.3581,15.695,0.07881
m,1004,-0.3575,15.6939,0.07882
m,1005,-0.3568,15.6928,0.07882
m,1006,-0.3562,15.6917,0.07883
m,1007,-0.3556,15.6907,0.07883
m,1008,-0.3549,15.6896,0.07884
m,1009,-0.3543,15.6885,0.07884
m,1010,-0.3536,15.6874,0.07885
m,1011,-0.353,15.6864,0.07885
m,1012,-0.3524,15.6853,0.07886
m,1013,-0.3518,15.6842,0.07886
m,1014,-0.3511,15.6832,0.07887
m,1015,-0.3505,15.6821,0.07887
m,1016,-0.3499,15.681,0.07888
m,1017,-0.3493,15.6799,0.07888
m,1018,-0.3487,15.6789,0.07889
m,1019,-0.3481,15.6778,0.07889
m,1020,-0.3475,15.6767,0.0789
m,1021,-0.3469,15.6757,0.0789
m,1022,-0.3463,15.6746,0.07891
m,1023,-0.3457,15.6735,0.07891
m,1024,-0.3451,15.6725,0.07892
m,1025,-0.3445,15.6714,0.07892
m,1026,-0.3439,15.6704,0.07893
m,1027,-0.3433,15.6693,0.07893
m,1028,-0.3427,15.6682,0.07894
m,1029,-0.3422,15.6672,0.07894
m,1030,-0.3416,15.6661,0.07895
m,1031,-0.341,15.6651,0.07895
m,1032,-0.3404,15.664,0.07896
m,1033,-0.3399,15.663,0.07896
m,1034,-0.3393,15.6619,0.07897
m,1035,-0.3388,15.6609,0.07897
m,1036,-0.3382,15.6598,0.07898
m,1037,-0.3376,15.6588,0.07898
m,1038,-0.3371,15.6577,0.07899
m,1039,-0.3365,15.6567,0.07899
m,1040,-0.336,15.6556,0.079
m,1041,-0.3354,15.6546,0.079
m,1042,-0.3349,15.6535,0.07901
m,1043,-0.3344,15.6525,0.07901
m,1044,-0.3338,15.6514,0.07902
m,1045,-0.3333,15.6504,0.07903
m,1046,-0.3328,15.6493,0.07903
m,1047,-0.3322,15.6483,0.07904
m,1048,-0.3317,15.6473,0.07904
m,1049,-0.3312,15.6462,0.07905
m,1050,-0.3307,15.6452,0.07905
m,1051,-0.3302,15.6441,0.07906
m,1052,-0.3296,15.6431,0.07906
m,1053,-0.3291,15.6421,0.07907
m,1054,-0.3286,15.641,0.07907
m,1055,-0.3281,15.64,0.07908
m,1056,-0.3276,15.639,0.07908
m,1057,-0.3271,15.6379,0.07909
m,1058,-0.3266,15.6369,0.0791
m,1059,-0.3261,15.6359,0.0791
m,1060,-0.3257,15.6349,0.07911
m,1061,-0.3252,15.6338,0.07911
m,1062,-0.3247,15.6328,0.07912
m,1063,-0.3242,15.6318,0.07912
m,1064,-0.3237,15.6308,0.07913
m,1065,-0.3233,15.6297,0.07913
m,1066,-0.3228,15.6287,0.07914
m,1067,-0.3223,15.6277,0.07915
m,1068,-0.3218,15.6267,0.07915
m,1069,-0.3214,15.6256,0.07916
m,1070,-0.3209,15.6246,0.07916
m,1071,-0.3205,15.6236,0.07917
m,1072,-0.32,15.6226,0.07917
m,1073,-0.3196,15.6216,0.07918
m,1074,-0.3191,15.6206,0.07918
m,1075,-0.3187,15.6196,0.07919
m,1076,-0.3182,15.6185,0.0792
m,1077,-0.3178,15.6175,0.0792
m,1078,-0.3174,15.6165,0.07921
m,1079,-0.3169,15.6155,0.07921
m,1080,-0.3165,15.6145,0.07922
m,1081,-0.3161,15.6135,0.07922
m,1082,-0.3156,15.6125,0.07923
m,1083,-0.3152,15.6115,0.07924
m,1084,-0.3148,15.6105,0.07924
m,1085,-0.3144,15.6095,0.07925
m,1086,-0.314,15.6085,0.07925
m,1087,-0.3136,15.6075,0.07926
m,1088,-0.3132,15.6065,0.07926
m,1089,-0.3128,15.6055,0.07927
m,1090,-0.3124,15.6045,0.07928
m,1091,-0.312,15.6035,0.07928
m,1092,-0.3116,15.6025,0.07929
m,1093,-0.3112,15.6015,0.07929
m,1094,-0.3108,15.6005,0.0793
m,1095,-0.3104,15.5995,0.07931
m,1096,-0.31,15.5986,0.07931
m,1097,-0.3097,15.5976,0.07932
m,1098,-0.3093,15.5966,0.07932
m,1099,-0.3089,15.5956,0.07933
m,1100,-0.3085,15.5946,0.07934
m,1101,-0.3082,15.5936,0.07934
m,1102,-0.3078,15.5926,0.07935
m,1103,-0.3074,15.5917,0.07935
m,1104,-0.3071,15.5907,0.07936
m,1105,-0.3067,15.5897,0.07936
m,1106,-0.3064,15.5887,0.07937
m,1107,-0.306,15.5878,0.07938
m,1108,-0.3057,15.5868,0.07938
m,1109,-0.3054,15.5858,0.07939
m,1110,-0.305,15.5848,0.0794
m,1111,-0.3047,15.5839,0.0794
m,1112,-0.3043,15.5829,0.07941
m,1113,-0.304,15.5819,0.07941
m,1114,-0.3037,15.581,0.07942
m,1115,-0.3034,15.58,0.07943
m,1116,-0.3031,15.579,0.07943
m,1117,-0.3027,15.5781,0.07944
m,1118,-0.3024,15.5771,0.07944
m,1119,-0.3021,15.5761,0.07945
m,1120,-0.3018,15.5752,0.07946
m,1121,-0.3015,15.5742,0.07946
m,1122,-0.3012,15.5733,0.07947
m,1123,-0.3009,15.5723,0.07948
m,1124,-0.3006,15.5714,0.07948
m,1125,-0.3003,15.5704,0.07949
m,1126,-0.3,15.5695,0.07949
m,1127,-0.2997,15.5685,0.0795
m,1128,-0.2995,15.5676,0.07951
m,1129,-0.2992,15.5666,0.07951
m,1130,-0.2989,15.5657,0.07952
m,1131,-0.2986,15.5647,0.07953
m,1132,-0.2984,15.5638,0.07953
m,1133,-0.2981,15.5628,0.07954
m,1134,-0.2978,15.5619,0.07954
m,1135,-0.2976,15.5609,0.07955
m,1136,-0.2973,15.56,0.07956
m,1137,-0.2971,15.5591,0.07956
m,1138,-0.2968,15.5581,0.07957
m,1139,-0.2966,15.5572,0.07958
m,1140,-0.2963,15.5563,0.07958
m,1141,-0.2961,15.5553,0.07959
m,1142,-0.2959,15.5544,0.0796
m,1143,-0.2956,15.5535,0.0796
m,1144,-0.2954,15.5525,0.07961
m,1145,-0.2952,15.5516,0.07962
m,1146,-0.2949,15.5507,0.07962
m,1147,-0.2947,15.5498,0.07963
m,1148,-0.2945,15.5489,0.07964
m,1149,-0.2943,15.5479,0.07964
m,1150,-0.2941,15.547,0.07965
m,1151,-0.2939,15.5461,0.07966
m,1152,-0.2937,15.5452,0.07966
m,1153,-0.2934,15.5443,0.07967
m,1154,-0.2932,15.5434,0.07967
m,1155,-0.2931,15.5424,0.07968
m,1156,-0.2929,15.5415,0.07969
m,1157,-0.2927,15.5406,0.07969
m,1158,-0.2925,15.5397,0.0797
m,1159,-0.2923,15.5388,0.07971
m,1160,-0.2921,15.5379,0.07972
m,1161,-0.2919,15.537,0.07972
m,1162,-0.2918,15.5361,0.07973
m,1163,-0.2916,15.5352,0.07974
m,1164,-0.2914,15.5343,0.07974
m,1165,-0.2913,15.5334,0.07975
m,1166,-0.2911,15.5325,0.07976
m,1167,-0.2909,15.5316,0.07976
m,1168,-0.2908,15.5307,0.07977
m,1169,-0.2906,15.5298,0.07978
m,1170,-0.2905,15.5289,0.07978
m,1171,-0.2903,15.5281,0.07979
m,1172,-0.2902,15.5272,0.0798
m,1173,-0.2901,15.5263,0.0798
m,1174,-0.2899,15.5254,0.07981
m,1175,-0.2898,15.5245,0.07982
m,1176,-0.2897,15.5236,0.07982
m,1177,-0.2895,15.5228,0.07983
m,1178,-0.2894,15.5219,0.07984
m,1179,-0.2893,15.521,0.07985
m,1180,-0.2892,15.5201,0.07985
m,1181,-0.289,15.5193,0.07986
m,1182,-0.2889,15.5184,0.07987
m,1183,-0.2888,15.5175,0.07987
m,1184,-0.2887,15.5167,0.07988
m,1185,-0.2886,15.5158,0.07989
m,1186,-0.2885,15.5149,0.07989
m,1187,-0.2884,15.5141,0.0799
m,1188,-0.2883,15.5132,0.07991
m,1189,-0.2882,15.5123,0.07992
m,1190,-0.2881,15.5115,0.07992
m,1191,-0.2881,15.5106,0.07993
m,1192,-0.288,15.5098,0.07994
m,1193,-0.2879,15.5089,0.07994
m,1194,-0.2878,15.5081,0.07995
m,1195,-0.2877,15.5072,0.07996
m,1196,-0.2877,15.5064,0.07997
m,1197,-0.2876,15.5055,0.07997
m,1198,-0.2875,15.5047,0.07998
m,1199,-0.2875,15.5038,0.07999
m,1200,-0.2874,15.503,0.07999
m,1201,-0.2874,15.5021,0.08
m,1202,-0.2873,15.5013,0.08001
m,1203,-0.2873,15.5005,0.08002
m,1204,-0.2872,15.4996,0.08002
m,1205,-0.2872,15.4988,0.08003
m,1206,-0.2871,15.498,0.08004
m,1207,-0.2871,15.4971,0.08005
m,1208,-0.2871,15.4963,0.08005
m,1209,-0.287,15.4955,0.08006
m,1210,-0.287,15.4946,0.08007
m,1211,-0.287,15.4938,0.08008
m,1212,-0.287,15.493,0.08008
m,1213,-0.2869,15.4922,0.08009
m,1214,-0.2869,15.4914,0.0801
m,1215,-0.2869,15.4905,0.08011
m,1216,-0.2869,15.4897,0.08011
m,1217,-0.2869,15.4889,0.08012
m,1218,-0.2869,15.4881,0.08013
m,1219,-0.2869,15.4873,0.08014
m,1220,-0.2869,15.4865,0.08014
m,1221,-0.2869,15.4857,0.08015
m,1222,-0.2869,15.4848,0.08016
m,1223,-0.2869,15.484,0.08017
m,1224,-0.2869,15.4832,0.08017
m,1225,-0.2869,15.4824,0.08018
m,1226,-0.287,15.4816,0.08019
m,1227,-0.287,15.4808,0.0802
m,1228,-0.287,15.48,0.0802
m,1229,-0.287,15.4792,0.08021
m,1230,-0.2871,15.4785,0.08022
m,1231,-0.2871,15.4777,0.08023
m,1232,-0.2871,15.4769,0.08023
m,1233,-0.2872,15.4761,0.08024
m,1234,-0.2872,15.4753,0.08025
m,1235,-0.2873,15.4745,0.08026
m,1236,-0.2873,15.4737,0.08027
m,1237,-0.2874,15.4729,0.08027
m,1238,-0.2874,15.4722,0.08028
m,1239,-0.2875,15.4714,0.08029
m,1240,-0.2875,15.4706,0.0803
m,1241,-0.2876,15.4698,0.08031
m,1242,-0.2877,15.4691,0.08031
m,1243,-0.2877,15.4683,0.08032
m,1244,-0.2878,15.4675,0.08033
m,1245,-0.2879,15.4667,0.08034
m,1246,-0.288,15.466,0.08034
m,1247,-0.288,15.4652,0.08035
m,1248,-0.2881,15.4645,0.08036
m,1249,-0.2882,15.4637,0.08037
m,1250,-0.2883,15.4629,0.08038
m,1251,-0.2884,15.4622,0.08038
m,1252,-0.2885,15.4614,0.08039
m,1253,-0.2886,15.4607,0.0804
m,1254,-0.2887,15.4599,0.08041
m,1255,-0.2888,15.4592,0.08042
m,1256,-0.2889,15.4584,0.08042
m,1257,-0.289,15.4577,0.08043
m,1258,-0.2891,15.4569,0.08044
m,1259,-0.2892,15.4562,0.08045
m,1260,-0.2893,15.4554,0.08046
m,1261,-0.2894,15.4547,0.08046
m,1262,-0.2896,15.4539,0.08047
m,1263,-0.2897,15.4532,0.08048
m,1264,-0.2898,15.4525,0.08049
m,1265,-0.2899,15.4517,0.0805
m,1266,-0.2901,15.451,0.08051
m,1267,-0.2902,15.4503,0.08051
m,1268,-0.2903,15.4495,0.08052
m,1269,-0.2905,15.4488,0.08053
m,1270,-0.2906,15.4481,0.08054
m,1271,-0.2908,15.4473,0.08055
m,1272,-0.2909,15.4466,0.08056
m,1273,-0.2911,15.4459,0.08056
m,1274,-0.2912,15.4452,0.08057
m,1275,-0.2914,15.4445,0.08058
m,1276,-0.2915,15.4437,0.08059
m,1277,-0.2917,15.443,0.0806
m,1278,-0.2918,15.4423,0.08061
m,1279,-0.292,15.4416,0.08061
m,1280,-0.2922,15.4409,0.08062
m,1281,-0.2924,15.4402,0.08063
m,1282,-0.2925,15.4395,0.08064
m,1283,-0.2927,15.4388,0.08065
m,1284,-0.2929,15.438,0.08066
m,1285,-0.2931,15.4373,0.08066
m,1286,-0.2933,15.4366,0.08067
m,1287,-0.2934,15.4359,0.08068
m,1288,-0.2936,15.4352,0.08069
m,1289,-0.2938,15.4345,0.0807
m,1290,-0.294,15.4338,0.08071
m,1291,-0.2942,15.4332,0.08072
m,1292,-0.2944,15.4325,0.08072
m,1293,-0.2946,15.4318,0.08073
m,1294,-0.2948,15.4311,0.08074
m,1295,-0.295,15.4304,0.08075
m,1296,-0.2952,15.4297,0.08076
m,1297,-0.2954,15.429,0.08077
m,1298,-0.2957,15.4283,0.08078
m,1299,-0.2959,15.4276,0.08078
m,1300,-0.2961,15.427,0.08079
m,1301,-0.2963,15.4263,0.0808
m,1302,-0.2965,15.4256,0.08081
m,1303,-0.2968,15.4249,0.08082
m,1304,-0.297,15.4243,0.08083
m,1305,-0.2972,15.4236,0.08084
m,1306,-0.2975,15.4229,0.08085
m,1307,-0.2977,15.4222,0.08085
m,1308,-0.2979,15.4216,0.08086
m,1309,-0.2982,15.4209,0.08087
m,1310,-0.2984,15.4202,0.08088
m,1311,-0.2987,15.4196,0.08089
m,1312,-0.2989,15.4189,0.0809
m,1313,-0.2992,15.4182,0.08091
m,1314,-0.2994,15.4176,0.08092
m,1315,-0.2997,15.4169,0.08093
m,1316,-0.3,15.4162,0.08093
m,1317,-0.3002,15.4156,0.08094
m,1318,-0.3005,15.4149,0.08095
m,1319,-0.3008,15.4143,0.08096
m,1320,-0.301,15.4136,0.08097
m,1321,-0.3013,15.413,0.08098
m,1322,-0.3016,15.4123,0.08099
m,1323,-0.3018,15.4117,0.081
m,1324,-0.3021,15.411,0.08101
m,1325,-0.3024,15.4104,0.08102
m,1326,-0.3027,15.4097,0.08102
m,1327,-0.303,15.4091,0.08103
m,1328,-0.3033,15.4084,0.08104
m,1329,-0.3036,15.4078,0.08105
m,1330,-0.3038,15.4072,0.08106
m,1331,-0.3041,15.4065,0.08107
m,1332,-0.3044,15.4059,0.08108
m,1333,-0.3047,15.4052,0.08109
m,1334,-0.305,15.4046,0.0811
m,1335,-0.3054,15.404,0.08111
m,1336,-0.3057,15.4033,0.08112
m,1337,-0.306,15.4027,0.08113
m,1338,-0.3063,15.4021,0.08113
m,1339,-0.3066,15.4015,0.08114
m,1340,-0.3069,15.4008,0.08115
m,1341,-0.3072,15.4002,0.08116
m,1342,-0.3076,15.3996,0.08117
m,1343,-0.3079,15.399,0.08118
m,1344,-0.3082,15.3983,0.08119
m,1345,-0.3085,15.3977,0.0812
m,1346,-0.3089,15.3971,0.08121
m,1347,-0.3092,15.3965,0.08122
m,1348,-0.3095,15.3958,0.08123
m,1349,-0.3099,15.3952,0.08124
m,1350,-0.3102,15.3946,0.08125
m,1351,-0.3106,15.394,0.08126
m,1352,-0.3109,15.3934,0.08127
m,1353,-0.3113,15.3928,0.08128
m,1354,-0.3116,15.3922,0.08128
m,1355,-0.312,15.3916,0.08129
m,1356,-0.3123,15.3909,0.0813
m,1357,-0.3127,15.3903,0.08131
m,1358,-0.313,15.3897,0.08132
m,1359,-0.3134,15.3891,0.08133
m,1360,-0.3138,15.3885,0.08134
m,1361,-0.3141,15.3879,0.08135
m,1362,-0.3145,15.3873,0.08136
m,1363,-0.3149,15.3867,0.08137
m,1364,-0.3152,15.3861,0.08138
m,1365,-0.3156,15.3855,0.08139
m,1366,-0.316,15.3849,0.0814
m,1367,-0.3164,15.3843,0.08141
m,1368,-0.3168,15.3837,0.08142
m,1369,-0.3171,15.3831,0.08143
m,1370,-0.3175,15.3825,0.08144
m,1371,-0.3179,15.382,0.08145
m,1372,-0.3183,15.3814,0.08146
m,1373,-0.3187,15.3808,0.08147
m,1374,-0.3191,15.3802,0.08148
m,1375,-0.3195,15.3796,0.08149
m,1376,-0.3199,15.379,0.0815
m,1377,-0.3203,15.3784,0.08151
m,1378,-0.3207,15.3778,0.08152
m,1379,-0.3211,15.3773,0.08153
m,1380,-0.3215,15.3767,0.08154
m,1381,-0.322,15.3761,0.08155
m,1382,-0.3224,15.3755,0.08156
m,1383,-0.3228,15.3749,0.08157
m,1384,-0.3232,15.3744,0.08158
m,1385,-0.3236,15.3738,0.08159
m,1386,-0.3241,15.3732,0.0816
m,1387,-0.3245,15.3726,0.08161
m,1388,-0.3249,15.3721,0.08162
m,1389,-0.3253,15.3715,0.08163
m,1390,-0.3258,15.3709,0.08164
m,1391,-0.3262,15.3703,0.08165
m,1392,-0.3266,15.3698,0.08166
m,1393,-0.3271,15.3692,0.08167
m,1394,-0.3275,15.3686,0.08168
m,1395,-0.328,15.3681,0.08169
m,1396,-0.3284,15.3675,0.0817
m,1397,-0.3289,15.3669,0.08171
m,1398,-0.3293,15.3664,0.08172
m,1399,-0.3298,15.3658,0.08173
m,1400,-0.3302,15.3652,0.08174
m,1401,-0.3307,15.3647,0.08175
m,1402,-0.3312,15.3641,0.08176
m,1403,-0.3316,15.3636,0.08177
m,1404,-0.3321,15.363,0.08178
m,1405,-0.3325,15.3624,0.08179
m,1406,-0.333,15.3619,0.0818
m,1407,-0.3335,15.3613,0.08181
m,1408,-0.334,15.3608,0.08182
m,1409,-0.3344,15.3602,0.08183
m,1410,-0.3349,15.3597,0.08184
m,1411,-0.3354,15.3591,0.08185
m,1412,-0.3359,15.3586,0.08186
m,1413,-0.3364,15.358,0.08187
m,1414,-0.3369,15.3575,0.08188
m,1415,-0.3373,15.3569,0.08189
m,1416,-0.3378,15.3564,0.0819
m,1417,-0.3383,15.3558,0.08191
m,1418,-0.3388,15.3553,0.08192
m,1419,-0.3393,15.3547,0.08193
m,1420,-0.3398,15.3542,0.08194
m,1421,-0.3403,15.3537,0.08195
m,1422,-0.3408,15.3531,0.08196
m,1423,-0.3413,15.3526,0.08197
m,1424,-0.3418,15.352,0.08198
m,1425,-0.3424,15.3515,0.082
m,1426,-0.3429,15.351,0.08201
m,1427,-0.3434,15.3504,0.08202
m,1428,-0.3439,15.3499,0.08203
m,1429,-0.3444,15.3493,0.08204
m,1430,-0.3449,15.3488,0.08205
m,1431,-0.3455,15.3483,0.08206
m,1432,-0.346,15.3477,0.08207
m,1433,-0.3465,15.3472,0.08208
m,1434,-0.3471,15.3467,0.08209
m,1435,-0.3476,15.3461,0.0821
m,1436,-0.3481,15.3456,0.08211
m,1437,-0.3487,15.3451,0.08212
m,1438,-0.3492,15.3445,0.08213
m,1439,-0.3497,15.344,0.08214
m,1440,-0.3503,15.3435,0.08215
m,1441,-0.3508,15.343,0.08216
m,1442,-0.3514,15.3424,0.08218
m,1443,-0.3519,15.3419,0.08219
m,1444,-0.3525,15.3414,0.0822
m,1445,-0.353,15.3409,0.08221
m,1446,-0.3536,15.3403,0.08222
m,1447,-0.3541,15.3398,0.08223
m,1448,-0.3547,15.3393,0.08224
m,1449,-0.3553,15.3388,0.08225
m,1450,-0.3558,15.3383,0.08226
m,1451,-0.3564,15.3377,0.08227
m,1452,-0.357,15.3372,0.08228
m,1453,-0.3575,15.3367,0.08229
m,1454,-0.3581,15.3362,0.08231
m,1455,-0.3587,15.3357,0.08232
m,1456,-0.3593,15.3352,0.08233
m,1457,-0.3598,15.3346,0.08234
m,1458,-0.3604,15.3341,0.08235
m,1459,-0.361,15.3336,0.08236
m,1460,-0.3616,15.3331,0.08237
m,1461,-0.3622,15.3326,0.08238
m,1462,-0.3628,15.3321,0.08239
m,1463,-0.3634,15.3316,0.0824
m,1464,-0.364,15.3311,0.08241
m,1465,-0.3646,15.3306,0.08243
m,1466,-0.3652,15.3301,0.08244
m,1467,-0.3658,15.3295,0.08245
m,1468,-0.3664,15.329,0.08246
m,1469,-0.367,15.3285,0.08247
m,1470,-0.3676,15.328,0.08248
m,1471,-0.3682,15.3275,0.08249
m,1472,-0.3688,15.327,0.0825
m,1473,-0.3694,15.3265,0.08251
m,1474,-0.37,15.326,0.08253
m,1475,-0.3706,15.3255,0.08254
m,1476,-0.3713,15.325,0.08255
m,1477,-0.3719,15.3245,0.08256
m,1478,-0.3725,15.324,0.08257
m,1479,-0.3731,15.3235,0.08258
m,1480,-0.3738,15.323,0.08259
m,1481,-0.3744,15.3225,0.0826
m,1482,-0.375,15.322,0.08262
m,1483,-0.3756,15.3215,0.08263
m,1484,-0.3763,15.3211,0.08264
m,1485,-0.3769,15.3206,0.08265
m,1486,-0.3776,15.3201,0.08266
m,1487,-0.3782,15.3196,0.08267
m,1488,-0.3789,15.3191,0.08268
m,1489,-0.3795,15.3186,0.08269
m,1490,-0.3801,15.3181,0.08271
m,1491,-0.3808,15.3176,0.08272
m,1492,-0.3815,15.3171,0.08273
m,1493,-0.3821,15.3166,0.08274
m,1494,-0.3828,15.3162,0.08275
m,1495,-0.3834,15.3157,0.08276
m,1496,-0.3841,15.3152,0.08277
m,1497,-0.3847,15.3147,0.08279
m,1498,-0.3854,15.3142,0.0828
m,1499,-0.3861,15.3137,0.08281
m,1500,-0.3867,15.3133,0.08282
m,1501,-0.3874,15.3128,0.08283
m,1502,-0.3881,15.3123,0.08284
m,1503,-0.3888,15.3118,0.08285
m,1504,-0.3894,15.3113,0.08287
m,1505,-0.3901,15.3109,0.08288
m,1506,-0.3908,15.3104,0.08289
m,1507,-0.3915,15.3099,0.0829
m,1508,-0.3922,15.3094,0.08291
m,1509,-0.3929,15.309,0.08292
m,1510,-0.3936,15.3085,0.08293
m,1511,-0.3942,15.308,0.08295
m,1512,-0.3949,15.3075,0.08296
m,1513,-0.3956,15.3071,0.08297
m,1514,-0.3963,15.3066,0.08298
m,1515,-0.397,15.3061,0.08299
m,1516,-0.3977,15.3057,0.083
m,1517,-0.3984,15.3052,0.08302
m,1518,-0.3991,15.3047,0.08303
m,1519,-0.3998,15.3043,0.08304
m,1520,-0.4006,15.3038,0.08305
m,1521,-0.4013,15.3033,0.08306
m,1522,-0.402,15.3029,0.08307
m,1523,-0.4027,15.3024,0.08309
m,1524,-0.4034,15.3019,0.0831
m,1525,-0.4041,15.3015,0.08311
m,1526,-0.4049,15.301,0.08312
m,1527,-0.4056,15.3005,0.08313
m,1528,-0.4063,15.3001,0.08314
m,1529,-0.407,15.2996,0.08316
m,1530,-0.4078,15.2992,0.08317
m,1531,-0.4085,15.2987,0.08318
m,1532,-0.4092,15.2982,0.08319
m,1533,-0.41,15.2978,0.0832
m,1534,-0.4107,15.2973,0.08322
m,1535,-0.4114,15.2969,0.08323
m,1536,-0.4122,15.2964,0.08324
m,1537,-0.4129,15.2959,0.08325
m,1538,-0.4137,15.2955,0.08326
m,1539,-0.4144,15.295,0.08327
m,1540,-0.4151,15.2946,0.08329
m,1541,-0.4159,15.2941,0.0833
m,1542,-0.4166,15.2937,0.08331
m,1543,-0.4174,15.2932,0.08332
m,1544,-0.4182,15.2928,0.08333
m,1545,-0.4189,15.2923,0.08335
m,1546,-0.4197,15.2919,0.08336
m,1547,-0.4204,15.2914,0.08337
m,1548,-0.4212,15.291,0.08338
m,1549,-0.422,15.2905,0.08339
m,1550,-0.4227,15.2901,0.08341
m,1551,-0.4235,15.2896,0.08342
m,1552,-0.4243,15.2892,0.08343
m,1553,-0.425,15.2888,0.08344
m,1554,-0.4258,15.2883,0.08345
m,1555,-0.4266,15.2879,0.08347
m,1556,-0.4274,15.2874,0.08348
m,1557,-0.4281,15.287,0.08349
m,1558,-0.4289,15.2865,0.0835
m,1559,-0.4297,15.2861,0.08351
m,1560,-0.4305,15.2857,0.08353
m,1561,-0.4313,15.2852,0.08354
m,1562,-0.4321,15.2848,0.08355
m,1563,-0.4328,15.2844,0.08356
m,1564,-0.4336,15.2839,0.08357
m,1565,-0.4344,15.2835,0.08359
m,1566,-0.4352,15.283,0.0836
m,1567,-0.436,15.2826,0.08361
m,1568,-0.4368,15.2822,0.08362
m,1569,-0.4376,15.2817,0.08364
m,1570,-0.4384,15.2813,0.08365
m,1571,-0.4392,15.2809,0.08366
m,1572,-0.44,15.2805,0.08367
m,1573,-0.4408,15.28,0.08368
m,1574,-0.4417,15.2796,0.0837
m,1575,-0.4425,15.2792,0.08371
m,1576,-0.4433,15.2787,0.08372
m,1577,-0.4441,15.2783,0.08373
m,1578,-0.4449,15.2779,0.08375
m,1579,-0.4457,15.2775,0.08376
m,1580,-0.4465,15.277,0.08377
m,1581,-0.4474,15.2766,0.08378
m,1582,-0.4482,15.2762,0.08379
m,1583,-0.449,15.2758,0.08381
m,1584,-0.4498,15.2753,0.08382
m,1585,-0.4507,15.2749,0.08383
m,1586,-0.4515,15.2745,0.08384
m,1587,-0.4523,15.2741,0.08386
m,1588,-0.4532,15.2737,0.08387
m,1589,-0.454,15.2732,0.08388
m,1590,-0.4548,15.2728,0.08389
m,1591,-0.4557,15.2724,0.08391
m,1592,-0.4565,15.272,0.08392
m,1593,-0.4574,15.2716,0.08393
m,1594,-0.4582,15.2712,0.08394
m,1595,-0.459,15.2708,0.08395
m,1596,-0.4599,15.2703,0.08397
m,1597,-0.4607,15.2699,0.08398
m,1598,-0.4616,15.2695,0.08399
m,1599,-0.4624,15.2691,0.084
m,1600,-0.4633,15.2687,0.08402
m,1601,-0.4641,15.2683,0.08403
m,1602,-0.465,15.2679,0.08404
m,1603,-0.4659,15.2675,0.08405
m,1604,-0.4667,15.2671,0.08407
m,1605,-0.4676,15.2667,0.08408
m,1606,-0.4684,15.2662,0.08409
m,1607,-0.4693,15.2658,0.0841
m,1608,-0.4702,15.2654,0.08412
m,1609,-0.471,15.265,0.08413
m,1610,-0.4719,15.2646,0.08414
m,1611,-0.4728,15.2642,0.08415
m,1612,-0.4736,15.2638,0.08417
m,1613,-0.4745,15.2634,0.08418
m,1614,-0.4754,15.263,0.08419
m,1615,-0.4762,15.2626,0.0842
m,1616,-0.4771,15.2622,0.08422
m,1617,-0.478,15.2618,0.08423
m,1618,-0.4789,15.2614,0.08424
m,1619,-0.4798,15.261,0.08425
m,1620,-0.4806,15.2606,0.08427
m,1621,-0.4815,15.2602,0.08428
m,1622,-0.4824,15.2598,0.08429
m,1623,-0.4833,15.2594,0.08431
m,1624,-0.4842,15.259,0.08432
m,1625,-0.4851,15.2586,0.08433
m,1626,-0.486,15.2582,0.08434
m,1627,-0.4869,15.2579,0.08436
m,1628,-0.4877,15.2575,0.08437
m,1629,-0.4886,15.2571,0.08438
m,1630,-0.4895,15.2567,0.08439
m,1631,-0.4904,15.2563,0.08441
m,1632,-0.4913,15.2559,0.08442
m,1633,-0.4922,15.2555,0.08443
m,1634,-0.4931,15.2551,0.08444
m,1635,-0.494,15.2547,0.08446
m,1636,-0.4949,15.2543,0.08447
m,1637,-0.4958,15.254,0.08448
m,1638,-0.4968,15.2536,0.0845
m,1639,-0.4977,15.2532,0.08451
m,1640,-0.4986,15.2528,0.08452
m,1641,-0.4995,15.2524,0.08453
m,1642,-0.5004,15.252,0.08455
m,1643,-0.5013,15.2516,0.08456
m,1644,-0.5022,15.2513,0.08457
m,1645,-0.5031,15.2509,0.08459
m,1646,-0.504,15.2505,0.0846
m,1647,-0.505,15.2501,0.08461
m,1648,-0.5059,15.2497,0.08462
m,1649,-0.5068,15.2494,0.08464
m,1650,-0.5077,15.249,0.08465
m,1651,-0.5087,15.2486,0.08466
m,1652,-0.5096,15.2482,0.08468
m,1653,-0.5105,15.2478,0.08469
m,1654,-0.5114,15.2475,0.0847
m,1655,-0.5124,15.2471,0.08471
m,1656,-0.5133,15.2467,0.08473
m,1657,-0.5142,15.2463,0.08474
m,1658,-0.5151,15.246,0.08475
m,1659,-0.5161,15.2456,0.08477
m,1660,-0.517,15.2452,0.08478
m,1661,-0.518,15.2448,0.08479
m,1662,-0.5189,15.2445,0.0848
m,1663,-0.5198,15.2441,0.08482
m,1664,-0.5208,15.2437,0.08483
m,1665,-0.5217,15.2433,0.08484
m,1666,-0.5227,15.243,0.08486
m,1667,-0.5236,15.2426,0.08487
m,1668,-0.5245,15.2422,0.08488
m,1669,-0.5255,15.2419,0.0849
m,1670,-0.5264,15.2415,0.08491
m,1671,-0.5274,15.2411,0.08492
m,1672,-0.5283,15.2408,0.08493
m,1673,-0.5293,15.2404,0.08495
m,1674,-0.5302,15.24,0.08496
m,1675,-0.5312,15.2397,0.08497
m,1676,-0.5321,15.2393,0.08499
m,1677,-0.5331,15.2389,0.085
m,1678,-0.5341,15.2386,0.08501
m,1679,-0.535,15.2382,0.08503
m,1680,-0.536,15.2378,0.08504
m,1681,-0.5369,15.2375,0.08505
m,1682,-0.5379,15.2371,0.08506
m,1683,-0.5389,15.2368,0.08508
m,1684,-0.5398,15.2364,0.08509
m,1685,-0.5408,15.236,0.0851
m,1686,-0.5418,15.2357,0.08512
m,1687,-0.5427,15.2353,0.08513
m,1688,-0.5437,15.235,0.08514
m,1689,-0.5447,15.2346,0.08516
m,1690,-0.5456,15.2342,0.08517
m,1691,-0.5466,15.2339,0.08518
m,1692,-0.5476,15.2335,0.0852
m,1693,-0.5486,15.2332,0.08521
m,1694,-0.5495,15.2328,0.08522
m,1695,-0.5505,15.2325,0.08524
m,1696,-0.5515,15.2321,0.08525
m,1697,-0.5525,15.2318,0.08526
m,1698,-0.5535,15.2314,0.08527
m,1699,-0.5544,15.2311,0.08529
m,1700,-0.5554,15.2307,0.0853
m,1701,-0.5564,15.2304,0.08531
m,1702,-0.5574,15.23,0.08533
m,1703,-0.5584,15.2297,0.08534
m,1704,-0.5594,15.2293,0.08535
m,1705,-0.5604,15.229,0.08537
m,1706,-0.5614,15.2286,0.08538
m,1707,-0.5623,15.2283,0.08539
m,1708,-0.5633,15.2279,0.08541
m,1709,-0.5643,15.2276,0.08542
m,1710,-0.5653,15.2272,0.08543
m,1711,-0.5663,15.2269,0.08545
m,1712,-0.5673,15.2265,0.08546
m,1713,-0.5683,15.2262,0.08547
m,1714,-0.5693,15.2258,0.08549
m,1715,-0.5703,15.2255,0.0855
m,1716,-0.5713,15.2252,0.08551
m,1717,-0.5723,15.2248,0.08553
m,1718,-0.5733,15.2245,0.08554
m,1719,-0.5743,15.2241,0.08555
m,1720,-0.5754,15.2238,0.08557
m,1721,-0.5764,15.2235,0.08558
m,1722,-0.5774,15.2231,0.08559
m,1723,-0.5784,15.2228,0.08561
m,1724,-0.5794,15.2224,0.08562
m,1725,-0.5804,15.2221,0.08563
m,1726,-0.5814,15.2218,0.08565
m,1727,-0.5824,15.2214,0.08566
m,1728,-0.5835,15.2211,0.08567
m,1729,-0.5845,15.2208,0.08569
m,1730,-0.5855,15.2204,0.0857
m,1731,-0.5865,15.2201,0.08571
m,1732,-0.5875,15.2198,0.08573
m,1733,-0.5886,15.2194,0.08574
m,1734,-0.5896,15.2191,0.08575
m,1735,-0.5906,15.2188,0.08577
m,1736,-0.5916,15.2184,0.08578
m,1737,-0.5927,15.2181,0.08579
m,1738,-0.5937,15.2178,0.08581
m,1739,-0.5947,15.2175,0.08582
m,1740,-0.5958,15.2171,0.08583
m,1741,-0.5968,15.2168,0.08585
m,1742,-0.5978,15.2165,0.08586
m,1743,-0.5989,15.2162,0.08587
m,1744,-0.5999,15.2158,0.08589
m,1745,-0.6009,15.2155,0.0859
m,1746,-0.602,15.2152,0.08591
m,1747,-0.603,15.2149,0.08593
m,1748,-0.604,15.2145,0.08594
m,1749,-0.6051,15.2142,0.08595
m,1750,-0.6061,15.2139,0.08597
m,1751,-0.6072,15.2136,0.08598
m,1752,-0.6082,15.2133,0.08599
m,1753,-0.6093,15.213,0.08601
m,1754,-0.6103,15.2126,0.08602
m,1755,-0.6114,15.2123,0.08603
m,1756,-0.6124,15.212,0.08605
m,1757,-0.6135,15.2117,0.08606
m,1758,-0.6145,15.2114,0.08608
m,1759,-0.6156,15.2111,0.08609
m,1760,-0.6166,15.2108,0.0861
m,1761,-0.6177,15.2104,0.08612
m,1762,-0.6187,15.2101,0.08613
m,1763,-0.6198,15.2098,0.08614
m,1764,-0.6209,15.2095,0.08616
m,1765,-0.6219,15.2092,0.08617
m,1766,-0.623,15.2089,0.08618
m,1767,-0.6241,15.2086,0.0862
m,1768,-0.6251,15.2083,0.08621
m,1769,-0.6262,15.208,0.08622
m,1770,-0.6273,15.2077,0.08624
m,1771,-0.6283,15.2074,0.08625
m,1772,-0.6294,15.2071,0.08626
m,1773,-0.6305,15.2068,0.08628
m,1774,-0.6315,15.2065,0.08629
m,1775,-0.6326,15.2061,0.0863
m,1776,-0.6337,15.2058,0.08632
m,1777,-0.6348,15.2055,0.08633
m,1778,-0.6358,15.2052,0.08634
m,1779,-0.6369,15.2049,0.08636
m,1780,-0.638,15.2047,0.08637
m,1781,-0.6391,15.2044,0.08639
m,1782,-0.6402,15.2041,0.0864
m,1783,-0.6412,15.2038,0.08641
m,1784,-0.6423,15.2035,0.08643
m,1785,-0.6434,15.2032,0.08644
m,1786,-0.6445,15.2029,0.08645
m,1787,-0.6456,15.2026,0.08647
m,1788,-0.6467,15.2023,0.08648
m,1789,-0.6478,15.202,0.08649
m,1790,-0.6488,15.2017,0.08651
m,1791,-0.6499,15.2014,0.08652
m,1792,-0.651,15.2011,0.08653
m,1793,-0.6521,15.2008,0.08655
m,1794,-0.6532,15.2005,0.08656
m,1795,-0.6543,15.2003,0.08657
m,1796,-0.6554,15.2,0.08659
m,1797,-0.6565,15.1997,0.0866
m,1798,-0.6576,15.1994,0.08662
m,1799,-0.6587,15.1991,0.08663
m,1800,-0.6598,15.1988,0.08664
m,1801,-0.6609,15.1985,0.08666
m,1802,-0.662,15.1983,0.08667
m,1803,-0.6631,15.198,0.08668
m,1804,-0.6642,15.1977,0.0867
m,1805,-0.6653,15.1974,0.08671
m,1806,-0.6665,15.1971,0.08672
m,1807,-0.6676,15.1969,0.08674
m,1808,-0.6687,15.1966,0.08675
m,1809,-0.6698,15.1963,0.08676
m,1810,-0.6709,15.196,0.08678
m,1811,-0.672,15.1958,0.08679
m,1812,-0.6731,15.1955,0.0868
m,1813,-0.6743,15.1952,0.08682
m,1814,-0.6754,15.1949,0.08683
m,1815,-0.6765,15.1947,0.08685
m,1816,-0.6776,15.1944,0.08686
m,1817,-0.6787,15.1941,0.08687
m,1818,-0.6799,15.1938,0.08689
m,1819,-0.681,15.1936,0.0869
m,1820,-0.6821,15.1933,0.08691
m,1821,-0.6833,15.193,0.08693
m,1822,-0.6844,15.1928,0.08694
m,1823,-0.6855,15.1925,0.08695
m,1824,-0.6866,15.1922,0.08697
m,1825,-0.6878,15.192,0.08698
m,1826,-0.6889,15.1917,0.08699
m,1827,-0.69,15.1914,0.08701
m,1828,-0.6912,15.1912,0.08702
m,1829,-0.6923,15.1909,0.08704
m,1830,-0.6935,15.1906,0.08705
m,1831,-0.6946,15.1904,0.08706
m,1832,-0.6957,15.1901,0.08708
m,1833,-0.6969,15.1899,0.08709
m,1834,-0.698,15.1896,0.0871
m,1835,-0.6992,15.1893,0.08712
m,1836,-0.7003,15.1891,0.08713
m,1837,-0.7015,15.1888,0.08714
m,1838,-0.7026,15.1886,0.08716
m,1839,-0.7038,15.1883,0.08717
m,1840,-0.7049,15.188,0.08718
m,1841,-0.7061,15.1878,0.0872
m,1842,-0.7072,15.1875,0.08721
m,1843,-0.7084,15.1873,0.08722
m,1844,-0.7095,15.187,0.08724
m,1845,-0.7107,15.1868,0.08725
m,1846,-0.7118,15.1865,0.08727
m,1847,-0.713,15.1863,0.08728
m,1848,-0.7141,15.186,0.08729
m,1849,-0.7153,15.1858,0.08731
m,1850,-0.7165,15.1855,0.08732
m,1851,-0.7176,15.1853,0.08733
m,1852,-0.7188,15.185,0.08735
m,1853,-0.72,15.1848,0.08736
m,1854,-0.7211,15.1845,0.08737
m,1855,-0.7223,15.1843,0.08739
m,1856,-0.7235,15.184,0.0874
f,0,-0.0631,13.3363,0.09272
f,1,0.0362,13.3185,0.0936
f,2,0.1355,13.3006,0.09448
f,3,0.2347,13.2828,0.09535
f,4,0.334,13.2649,0.09623
f,5,0.4333,13.247,0.09711
f,6,0.5326,13.2292,0.09799
f,7,0.6319,13.2113,0.09887
f,8,0.6142,13.2455,0.09866
f,9,0.5965,13.2796,0.09845
f,10,0.5789,13.3137,0.09824
f,11,0.5612,13.3478,0.09804
f,12,0.5435,13.3819,0.09783
f,13,0.5258,13.416,0.09762
f,14,0.5082,13.4501,0.09741
f,15,0.4947,13.5169,0.09726
f,16,0.482,13.5873,0.09711
f,17,0.4699,13.6595,0.09697
f,18,0.4583,13.7325,0.09684
f,19,0.4472,13.8056,0.09671
f,20,0.4365,13.8784,0.09659
f,21,0.4263,13.9505,0.09647
f,22,0.4164,14.0216,0.09636
f,23,0.4069,14.0916,0.09625
f,24,0.3977,14.1603,0.09615
f,25,0.3888,14.2276,0.09605
f,26,0.3802,14.2935,0.09595
f,27,0.3718,14.3579,0.09586
f,28,0.3637,14.4208,0.09577
f,29,0.3558,14.4824,0.09568
f,30,0.3481,14.5422,0.09559
f,31,0.3406,14.6003,0.09551
f,32,0.3333,14.6566,0.09543
f,33,0.3262,14.7112,0.09535
f,34,0.3192,14.7642,0.09527
f,35,0.3124,14.8157,0.0952
f,36,0.3058,14.8657,0.09513
f,37,0.2993,14.9142,0.09506
f,38,0.2929,14.9614,0.09499
f,39,0.2867,15.0073,0.09492
f,40,0.2806,15.052,0.09485
f,41,0.2747,15.0955,0.09479
f,42,0.2688,15.138,0.09472
f,43,0.263,15.1794,0.09466
f,44,0.2574,15.2198,0.0946
f,45,0.2519,15.2591,0.09454
f,46,0.2464,15.2974,0.09448
f,47,0.2411,15.3347,0.09442
f,48,0.2358,15.3709,0.09436
f,49,0.2306,15.4063,0.09431
f,50,0.2255,15.4408,0.09425
f,51,0.2205,15.4744,0.0942
f,52,0.2156,15.5072,0.09415
f,53,0.2107,15.5393,0.0941
f,54,0.2059,15.5706,0.09404
f,55,0.2012,15.6012,0.09399
f,56,0.1966,15.6311,0.09394
f,57,0.192,15.6604,0.09389
f,58,0.1875,15.689,0.09385
f,59,0.183,15.717,0.0938
f,60,0.1787,15.7444,0.09375
f,61,0.1743,15.7713,0.09371
f,62,0.17,15.7975,0.09366
f,63,0.1658,15.8232,0.09361
f,64,0.1617,15.8483,0.09357
f,65,0.1575,15.8729,0.09353
f,66,0.1535,15.8968,0.09348
f,67,0.1495,15.9202,0.09344
f,68,0.1455,15.9431,0.0934
f,69,0.1416,15.9655,0.09336
f,70,0.1377,15.9874,0.09332
f,71,0.1339,16.0087,0.09328
f,72,0.1301,16.0297,0.09324
f,73,0.1263,16.0501,0.0932
f,74,0.1226,16.0702,0.09316
f,75,0.119,16.0897,0.09312
f,76,0.1154,16.1089,0.09308
f,77,0.1118,16.1277,0.09304
f,78,0.1082,16.1461,0.093
f,79,0.1047,16.164,0.09297
f,80,0.1013,16.1817,0.09293
f,81,0.0978,16.1989,0.09289
f,82,0.0944,16.2158,0.09286
f,83,0.0911,16.2323,0.09282
f,84,0.0877,16.2485,0.09279
f,85,0.0844,16.2644,0.09275
f,86,0.0811,16.28,0.09272
f,87,0.0779,16.2952,0.09268
f,88,0.0747,16.3101,0.09265
f,89,0.0715,16.3247,0.09262
f,90,0.0684,16.339,0.09258
f,91,0.0652,16.3531,0.09255
f,92,0.0621,16.3668,0.09252
f,93,0.0591,16.3803,0.09249
f,94,0.056,16.3935,0.09245
f,95,0.053,16.4065,0.09242
f,96,0.05,16.4192,0.09239
f,97,0.0471,16.4316,0.09236
f,98,0.0442,16.4438,0.09233
f,99,0.0412,16.4557,0.0923
f,100,0.0384,16.4673,0.09227
f,101,0.0355,16.4788,0.09224
f,102,0.0327,16.49,0.09221
f,103,0.0298,16.5009,0.09218
f,104,0.027,16.5117,0.09215
f,105,0.0243,16.5222,0.09212
f,106,0.0215,16.5325,0.09209
f,107,0.0188,16.5426,0.09206
f,108,0.0161,16.5525,0.09203
f,109,0.0134,16.5622,0.09201
f,110,0.0107,16.5717,0.09198
f,111,0.0081,16.581,0.09195
f,112,0.0055,16.5901,0.09192
f,113,0.0029,16.5991,0.09189
f,114,0.0003,16.6078,0.09187
f,115,-0.0023,16.6164,0.09184
f,116,-0.0048,16.6249,0.09181
f,117,-0.0074,16.6331,0.09179
f,118,-0.0099,16.6412,0.09176
f,119,-0.0124,16.6492,0.09173
f,120,-0.0148,16.657,0.09171
f,121,-0.0173,16.6647,0.09168
f,122,-0.0197,16.6722,0.09166
f,123,-0.0222,16.6795,0.09163
f,124,-0.0246,16.6868,0.09161
f,125,-0.027,16.6939,0.09158
f,126,-0.0293,16.7009,0.09156
f,127,-0.0317,16.7077,0.09153
f,128,-0.034,16.7144,0.09151
f,129,-0.0364,16.721,0.09148
f,130,-0.0387,16.7274,0.09146
f,131,-0.041,16.7337,0.09143
f,132,-0.0433,16.7399,0.09141
f,133,-0.0455,16.746,0.09139
f,134,-0.0478,16.7519,0.09136
f,135,-0.05,16.7577,0.09134
f,136,-0.0522,16.7634,0.09131
f,137,-0.0545,16.7689,0.09129
f,138,-0.0566,16.7743,0.09127
f,139,-0.0588,16.7797,0.09125
f,140,-0.061,16.7848,0.09122
f,141,-0.0632,16.7899,0.0912
f,142,-0.0653,16.7948,0.09118
f,143,-0.0674,16.7997,0.09116
f,144,-0.0696,16.8044,0.09113
f,145,-0.0717,16.809,0.09111
f,146,-0.0737,16.8134,0.09109
f,147,-0.0758,16.8178,0.09107
f,148,-0.0779,16.822,0.09104
f,149,-0.08,16.8262,0.09102
f,150,-0.082,16.8302,0.091
f,151,-0.084,16.8341,0.09098
f,152,-0.086,16.8379,0.09096
f,153,-0.0881,16.8416,0.09094
f,154,-0.0901,16.8452,0.09092
f,155,-0.092,16.8487,0.0909
f,156,-0.094,16.8521,0.09088
f,157,-0.096,16.8554,0.09085
f,158,-0.0979,16.8586,0.09083
f,159,-0.0999,16.8617,0.09081
f,160,-0.1018,16.8648,0.09079
f,161,-0.1037,16.8677,0.09077
f,162,-0.1056,16.8705,0.09075
f,163,-0.1075,16.8732,0.09073
f,164,-0.1094,16.8759,0.09071
f,165,-0.1113,16.8784,0.09069
f,166,-0.1132,16.8808,0.09067
f,167,-0.115,16.8832,0.09065
f,168,-0.1169,16.8854,0.09063
f,169,-0.1187,16.8876,0.09061
f,170,-0.1206,16.8897,0.09059
f,171,-0.1224,16.8917,0.09058
f,172,-0.1242,16.8936,0.09056
f,173,-0.126,16.8954,0.09054
f,174,-0.1278,16.8971,0.09052
f,175,-0.1296,16.8987,0.0905
f,176,-0.1314,16.9002,0.09048
f,177,-0.1331,16.9017,0.09046
f,178,-0.1349,16.9031,0.09044
f,179,-0.1366,16.9043,0.09043
f,180,-0.1384,16.9055,0.09041
f,181,-0.1401,16.9066,0.09039
f,182,-0.1418,16.9077,0.09037
f,183,-0.1436,16.9086,0.09035
f,184,-0.1453,16.9095,0.09033
f,185,-0.147,16.9102,0.09032
f,186,-0.1487,16.9109,0.0903
f,187,-0.1503,16.9116,0.09028
f,188,-0.152,16.9121,0.09026
f,189,-0.1537,16.9125,0.09024
f,190,-0.1554,16.9129,0.09023
f,191,-0.157,16.9132,0.09021
f,192,-0.1587,16.9135,0.09019
f,193,-0.1603,16.9136,0.09017
f,194,-0.1619,16.9137,0.09016
f,195,-0.1635,16.9137,0.09014
f,196,-0.1652,16.9136,0.09012
f,197,-0.1668,16.9135,0.09011
f,198,-0.1684,16.9133,0.09009
f,199,-0.17,16.913,0.09007
f,200,-0.1715,16.9127,0.09006
f,201,-0.1731,16.9122,0.09004
f,202,-0.1747,16.9118,0.09002
f,203,-0.1763,16.9112,0.09001
f,204,-0.1778,16.9106,0.08999
f,205,-0.1794,16.9099,0.08997
f,206,-0.1809,16.9091,0.08996
f,207,-0.1824,16.9083,0.08994
f,208,-0.184,16.9074,0.08992
f,209,-0.1855,16.9065,0.08991
f,210,-0.187,16.9055,0.08989
f,211,-0.1885,16.9044,0.08988
f,212,-0.19,16.9033,0.08986
f,213,-0.1915,16.9021,0.08984
f,214,-0.193,16.9008,0.08983
f,215,-0.1945,16.8995,0.08981
f,216,-0.196,16.8981,0.0898
f,217,-0.1975,16.8967,0.08978
f,218,-0.1989,16.8952,0.08976
f,219,-0.2004,16.8937,0.08975
f,220,-0.2018,16.8921,0.08973
f,221,-0.2033,16.8905,0.08972
f,222,-0.2047,16.8888,0.0897
f,223,-0.2062,16.887,0.08969
f,224,-0.2076,16.8852,0.08967
f,225,-0.209,16.8834,0.08966
f,226,-0.2104,16.8814,0.08964
f,227,-0.2119,16.8795,0.08963
f,228,-0.2133,16.8775,0.08961
f,229,-0.2147,16.8754,0.0896
f,230,-0.2161,16.8733,0.08958
f,231,-0.2175,16.8712,0.08957
f,232,-0.2188,16.869,0.08955
f,233,-0.2202,16.8667,0.08954
f,234,-0.2216,16.8644,0.08952
f,235,-0.223,16.8621,0.08951
f,236,-0.2243,16.8597,0.08949
f,237,-0.2257,16.8572,0.08948
f,238,-0.227,16.8548,0.08947
f,239,-0.2284,16.8522,0.08945
f,240,-0.2297,16.8497,0.08944
f,241,-0.2311,16.8471,0.08942
f,242,-0.2324,16.8444,0.08941
f,243,-0.2337,16.8417,0.08939
f,244,-0.2351,16.839,0.08938
f,245,-0.2364,16.8362,0.08937
f,246,-0.2377,16.8334,0.08935
f,247,-0.239,16.8305,0.08934
f,248,-0.2403,16.8276,0.08932
f,249,-0.2416,16.8247,0.08931
f,250,-0.2429,16.8217,0.0893
f,251,-0.2442,16.8187,0.08928
f,252,-0.2455,16.8157,0.08927
f,253,-0.2467,16.8126,0.08926
f,254,-0.248,16.8095,0.08924
f,255,-0.2493,16.8063,0.08923
f,256,-0.2505,16.8031,0.08921
f,257,-0.2518,16.7999,0.0892
f,258,-0.2531,16.7967,0.08919
f,259,-0.2543,16.7934,0.08917
f,260,-0.2556,16.79,0.08916
f,261,-0.2568,16.7867,0.08915
f,262,-0.258,16.7833,0.08913
f,263,-0.2593,16.7799,0.08912
f,264,-0.2605,16.7764,0.08911
f,265,-0.2617,16.773,0.08909
f,266,-0.263,16.7695,0.08908
f,267,-0.2642,16.7659,0.08907
f,268,-0.2654,16.7624,0.08906
f,269,-0.2666,16.7588,0.08904
f,270,-0.2678,16.7551,0.08903
f,271,-0.269,16.7515,0.08902
f,272,-0.2702,16.7478,0.089
f,273,-0.2714,16.7441,0.08899
f,274,-0.2726,16.7404,0.08898
f,275,-0.2737,16.7367,0.08897
f,276,-0.2749,16.7329,0.08895
f,277,-0.2761,16.7291,0.08894
f,278,-0.2773,16.7253,0.08893
f,279,-0.2784,16.7214,0.08892
f,280,-0.2796,16.7176,0.0889
f,281,-0.2808,16.7137,0.08889
f,282,-0.2819,16.7098,0.08888
f,283,-0.2831,16.7059,0.08887
f,284,-0.2842,16.7019,0.08885
f,285,-0.2854,16.698,0.08884
f,286,-0.2865,16.694,0.08883
f,287,-0.2876,16.69,0.08882
f,288,-0.2888,16.686,0.08881
f,289,-0.2899,16.682,0.08879
f,290,-0.291,16.6779,0.08878
f,291,-0.2922,16.6739,0.08877
f,292,-0.2933,16.6698,0.08876
f,293,-0.2944,16.6657,0.08874
f,294,-0.2955,16.6616,0.08873
f,295,-0.2966,16.6575,0.08872
f,296,-0.2977,16.6534,0.08871
f,297,-0.2988,16.6492,0.0887
f,298,-0.2999,16.6451,0.08869
f,299,-0.301,16.6409,0.08867
f,300,-0.3021,16.6367,0.08866
f,301,-0.3032,16.6326,0.08865
f,302,-0.3043,16.6284,0.08864
f,303,-0.3053,16.6242,0.08863
f,304,-0.3064,16.62,0.08862
f,305,-0.3075,16.6157,0.0886
f,306,-0.3086,16.6115,0.08859
f,307,-0.3096,16.6073,0.08858
f,308,-0.3107,16.603,0.08857
f,309,-0.3118,16.5988,0.08856
f,310,-0.3128,16.5945,0.08855
f,311,-0.3139,16.5903,0.08854
f,312,-0.3149,16.586,0.08852
f,313,-0.316,16.5817,0.08851
f,314,-0.317,16.5774,0.0885
f,315,-0.3181,16.5731,0.08849
f,316,-0.3191,16.5688,0.08848
f,317,-0.3201,16.5645,0.08847
f,318,-0.3212,16.5602,0.08846
f,319,-0.3222,16.5559,0.08845
f,320,-0.3232,16.5516,0.08843
f,321,-0.3242,16.5473,0.08842
f,322,-0.3253,16.543,0.08841
f,323,-0.3263,16.5387,0.0884
f,324,-0.3273,16.5343,0.08839
f,325,-0.3283,16.53,0.08838
f,326,-0.3293,16.5257,0.08837
f,327,-0.3303,16.5213,0.08836
f,328,-0.3313,16.517,0.08835
f,329,-0.3323,16.5127,0.08834
f,330,-0.3333,16.5083,0.08833
f,331,-0.3343,16.504,0.08832
f,332,-0.3353,16.4997,0.0883
f,333,-0.3363,16.4953,0.08829
f,334,-0.3373,16.491,0.08828
f,335,-0.3382,16.4867,0.08827
f,336,-0.3392,16.4823,0.08826
f,337,-0.3402,16.478,0.08825
f,338,-0.3412,16.4737,0.08824
f,339,-0.3421,16.4693,0.08823
f,340,-0.3431,16.465,0.08822
f,341,-0.3441,16.4607,0.08821
f,342,-0.345,16.4563,0.0882
f,343,-0.346,16.452,0.08819
f,344,-0.347,16.4477,0.08818
f,345,-0.3479,16.4434,0.08817
f,346,-0.3489,16.4391,0.08816
f,347,-0.3498,16.4347,0.08815
f,348,-0.3508,16.4304,0.08814
f,349,-0.3517,16.4261,0.08813
f,350,-0.3526,16.4218,0.08812
f,351,-0.3536,16.4175,0.08811
f,352,-0.3545,16.4132,0.0881
f,353,-0.3555,16.4089,0.08809
f,354,-0.3564,16.4046,0.08808
f,355,-0.3573,16.4004,0.08807
f,356,-0.3582,16.3961,0.08806
f,357,-0.3592,16.3918,0.08805
f,358,-0.3601,16.3875,0.08804
f,359,-0.361,16.3833,0.08803
f,360,-0.3619,16.379,0.08802
f,361,-0.3628,16.3748,0.08801
f,362,-0.3638,16.3705,0.088
f,363,-0.3647,16.3663,0.08799
f,364,-0.3656,16.3621,0.08798
f,365,-0.3665,16.3578,0.08797
f,366,-0.3674,16.3536,0.08796
f,367,-0.3683,16.3494,0.08795
f,368,-0.3692,16.3452,0.08794
f,369,-0.3701,16.341,0.08793
f,370,-0.371,16.3368,0.08792
f,371,-0.3719,16.3326,0.08791
f,372,-0.3727,16.3284,0.0879
f,373,-0.3736,16.3242,0.08789
f,374,-0.3745,16.32,0.08788
f,375,-0.3754,16.3158,0.08787
f,376,-0.3763,16.3117,0.08786
f,377,-0.3772,16.3075,0.08785
f,378,-0.378,16.3034,0.08784
f,379,-0.3789,16.2992,0.08783
f,380,-0.3798,16.2951,0.08782
f,381,-0.3806,16.291,0.08782
f,382,-0.3815,16.2868,0.08781
f,383,-0.3824,16.2827,0.0878
f,384,-0.3832,16.2786,0.08779
f,385,-0.3841,16.2745,0.08778
f,386,-0.385,16.2704,0.08777
f,387,-0.3858,16.2663,0.08776
f,388,-0.3867,16.2622,0.08775
f,389,-0.3875,16.2582,0.08774
f,390,-0.3884,16.2541,0.08773
f,391,-0.3892,16.25,0.08772
f,392,-0.3901,16.246,0.08771
f,393,-0.3909,16.2419,0.0877
f,394,-0.3917,16.2379,0.08769
f,395,-0.3926,16.2339,0.08769
f,396,-0.3934,16.2298,0.08768
f,397,-0.3943,16.2258,0.08767
f,398,-0.3951,16.2218,0.08766
f,399,-0.3959,16.2178,0.08765
f,400,-0.3968,16.2138,0.08764
f,401,-0.3976,16.2099,0.08763
f,402,-0.3984,16.2059,0.08762
f,403,-0.3992,16.2019,0.08761
f,404,-0.4001,16.198,0.08761
f,405,-0.4009,16.194,0.0876
f,406,-0.4017,16.1901,0.08759
f,407,-0.4025,16.1862,0.08758
f,408,-0.4033,16.1822,0.08757
f,409,-0.4041,16.1783,0.08756
f,410,-0.4049,16.1744,0.08755
f,411,-0.4057,16.1705,0.08754
f,412,-0.4066,16.1667,0.08753
f,413,-0.4074,16.1628,0.08753
f,414,-0.4082,16.1589,0.08752
f,415,-0.409,16.1551,0.08751
f,416,-0.4098,16.1512,0.0875
f,417,-0.4106,16.1474,0.08749
f,418,-0.4114,16.1435,0.08748
f,419,-0.4121,16.1397,0.08747
f,420,-0.4129,16.1359,0.08747
f,421,-0.4137,16.1321,0.08746
f,422,-0.4145,16.1283,0.08745
f,423,-0.4153,16.1245,0.08744
f,424,-0.4161,16.1207,0.08743
f,425,-0.4169,16.117,0.08742
f,426,-0.4176,16.1132,0.08741
f,427,-0.4184,16.1095,0.08741
f,428,-0.4192,16.1057,0.0874
f,429,-0.42,16.102,0.08739
f,430,-0.4208,16.0983,0.08738
f,431,-0.4215,16.0946,0.08737
f,432,-0.4223,16.0909,0.08736
f,433,-0.4231,16.0872,0.08736
f,434,-0.4238,16.0835,0.08735
f,435,-0.4246,16.0798,0.08734
f,436,-0.4254,16.0762,0.08733
f,437,-0.4261,16.0725,0.08732
f,438,-0.4269,16.0689,0.08731
f,439,-0.4276,16.0652,0.08731
f,440,-0.4284,16.0616,0.0873
f,441,-0.4292,16.058,0.08729
f,442,-0.4299,16.0544,0.08728
f,443,-0.4307,16.0508,0.08727
f,444,-0.4314,16.0472,0.08727
f,445,-0.4322,16.0436,0.08726
f,446,-0.4329,16.04,0.08725
f,447,-0.4337,16.0365,0.08724
f,448,-0.4344,16.0329,0.08723
f,449,-0.4351,16.0294,0.08722
f,450,-0.4359,16.0258,0.08722
f,451,-0.4366,16.0223,0.08721
f,452,-0.4374,16.0188,0.0872
f,453,-0.4381,16.0153,0.08719
f,454,-0.4388,16.0118,0.08718
f,455,-0.4396,16.0083,0.08718
f,456,-0.4403,16.0048,0.08717
f,457,-0.441,16.0013,0.08716
f,458,-0.4418,15.9979,0.08715
f,459,-0.4425,15.9944,0.08714
f,460,-0.4432,15.991,0.08714
f,461,-0.4439,15.9875,0.08713
f,462,-0.4447,15.9841,0.08712
f,463,-0.4454,15.9807,0.08711
f,464,-0.4461,15.9773,0.08711
f,465,-0.4468,15.9739,0.0871
f,466,-0.4475,15.9705,0.08709
f,467,-0.4482,15.9671,0.08708
f,468,-0.449,15.9638,0.08707
f,469,-0.4497,15.9604,0.08707
f,470,-0.4504,15.9571,0.08706
f,471,-0.4511,15.9537,0.08705
f,472,-0.4518,15.9504,0.08704
f,473,-0.4525,15.9471,0.08704
f,474,-0.4532,15.9438,0.08703
f,475,-0.4539,15.9405,0.08702
f,476,-0.4546,15.9372,0.08701
f,477,-0.4553,15.9339,0.08701
f,478,-0.456,15.9307,0.087
f,479,-0.4567,15.9274,0.08699
f,480,-0.4574,15.9241,0.08698
f,481,-0.4581,15.9209,0.08698
f,482,-0.4588,15.9177,0.08697
f,483,-0.4595,15.9145,0.08696
f,484,-0.4602,15.9112,0.08695
f,485,-0.4609,15.908,0.08695
f,486,-0.4616,15.9049,0.08694
f,487,-0.4623,15.9017,0.08693
f,488,-0.4629,15.8985,0.08692
f,489,-0.4636,15.8953,0.08692
f,490,-0.4643,15.8922,0.08691
f,491,-0.465,15.8891,0.0869
f,492,-0.4657,15.8859,0.08689
f,493,-0.4663,15.8828,0.08689
f,494,-0.467,15.8797,0.08688
f,495,-0.4677,15.8766,0.08687
f,496,-0.4684,15.8735,0.08686
f,497,-0.469,15.8704,0.08686
f,498,-0.4697,15.8673,0.08685
f,499,-0.4704,15.8643,0.08684
f,500,-0.4711,15.8612,0.08683
f,501,-0.4717,15.8582,0.08683
f,502,-0.4724,15.8552,0.08682
f,503,-0.4731,15.8521,0.08681
f,504,-0.4737,15.8491,0.08681
f,505,-0.4744,15.8461,0.0868
f,506,-0.4751,15.8431,0.08679
f,507,-0.4757,15.8401,0.08678
f,508,-0.4764,15.8372,0.08678
f,509,-0.477,15.8342,0.08677
f,510,-0.4777,15.8313,0.08676
f,511,-0.4783,15.8283,0.08676
f,512,-0.479,15.8254,0.08675
f,513,-0.4797,15.8224,0.08674
f,514,-0.4803,15.8195,0.08673
f,515,-0.481,15.8166,0.08673
f,516,-0.4816,15.8137,0.08672
f,517,-0.4823,15.8108,0.08671
f,518,-0.4829,15.808,0.08671
f,519,-0.4836,15.8051,0.0867
f,520,-0.4842,15.8022,0.08669
f,521,-0.4848,15.7994,0.08668
f,522,-0.4855,15.7965,0.08668
f,523,-0.4861,15.7937,0.08667
f,524,-0.4868,15.7909,0.08666
f,525,-0.4874,15.7881,0.08666
f,526,-0.488,15.7853,0.08665
f,527,-0.4887,15.7825,0.08664
f,528,-0.4893,15.7797,0.08664
f,529,-0.49,15.7769,0.08663
f,530,-0.4906,15.7742,0.08662
f,531,-0.4912,15.7714,0.08662
f,532,-0.4919,15.7687,0.08661
f,533,-0.4925,15.7659,0.0866
f,534,-0.4931,15.7632,0.0866
f,535,-0.4937,15.7605,0.08659
f,536,-0.4944,15.7578,0.08658
f,537,-0.495,15.7551,0.08657
f,538,-0.4956,15.7524,0.08657
f,539,-0.4962,15.7497,0.08656
f,540,-0.4969,15.747,0.08655
f,541,-0.4975,15.7444,0.08655
f,542,-0.4981,15.7417,0.08654
f,543,-0.4987,15.7391,0.08653
f,544,-0.4993,15.7364,0.08653
f,545,-0.5,15.7338,0.08652
f,546,-0.5006,15.7312,0.08651
f,547,-0.5012,15.7286,0.08651
f,548,-0.5018,15.726,0.0865
f,549,-0.5024,15.7234,0.08649
f,550,-0.503,15.7208,0.08649
f,551,-0.5036,15.7183,0.08648
f,552,-0.5043,15.7157,0.08647
f,553,-0.5049,15.7132,0.08647
f,554,-0.5055,15.7106,0.08646
f,555,-0.5061,15.7081,0.08645
f,556,-0.5067,15.7056,0.08645
f,557,-0.5073,15.703,0.08644
f,558,-0.5079,15.7005,0.08643
f,559,-0.5085,15.698,0.08643
f,560,-0.5091,15.6956,0.08642
f,561,-0.5097,15.6931,0.08642
f,562,-0.5103,15.6906,0.08641
f,563,-0.5109,15.6882,0.0864
f,564,-0.5115,15.6857,0.0864
f,565,-0.5121,15.6833,0.08639
f,566,-0.5127,15.6808,0.08638
f,567,-0.5133,15.6784,0.08638
f,568,-0.5139,15.676,0.08637
f,569,-0.5145,15.6736,0.08636
f,570,-0.5151,15.6712,0.08636
f,571,-0.5156,15.6688,0.08635
f,572,-0.5162,15.6665,0.08634
f,573,-0.5168,15.6641,0.08634
f,574,-0.5174,15.6617,0.08633
f,575,-0.518,15.6594,0.08632
f,576,-0.5186,15.6571,0.08632
f,577,-0.5192,15.6547,0.08631
f,578,-0.5197,15.6524,0.08631
f,579,-0.5203,15.6501,0.0863
f,580,-0.5209,15.6478,0.08629
f,581,-0.5215,15.6455,0.08629
f,582,-0.5221,15.6432,0.08628
f,583,-0.5226,15.6409,0.08627
f,584,-0.5232,15.6387,0.08627
f,585,-0.5238,15.6364,0.08626
f,586,-0.5244,15.6342,0.08626
f,587,-0.525,15.6319,0.08625
f,588,-0.5255,15.6297,0.08624
f,589,-0.5261,15.6275,0.08624
f,590,-0.5267,15.6253,0.08623
f,591,-0.5272,15.6231,0.08622
f,592,-0.5278,15.6209,0.08622
f,593,-0.5284,15.6187,0.08621
f,594,-0.529,15.6165,0.08621
f,595,-0.5295,15.6144,0.0862
f,596,-0.5301,15.6122,0.08619
f,597,-0.5307,15.61,0.08619
f,598,-0.5312,15.6079,0.08618
f,599,-0.5318,15.6058,0.08618
f,600,-0.5323,15.6037,0.08617
f,601,-0.5329,15.6015,0.08616
f,602,-0.5335,15.5994,0.08616
f,603,-0.534,15.5973,0.08615
f,604,-0.5346,15.5953,0.08614
f,605,-0.5351,15.5932,0.08614
f,606,-0.5357,15.5911,0.08613
f,607,-0.5363,15.589,0.08613
f,608,-0.5368,15.587,0.08612
f,609,-0.5374,15.585,0.08611
f,610,-0.5379,15.5829,0.08611
f,611,-0.5385,15.5809,0.0861
f,612,-0.539,15.5789,0.0861
f,613,-0.5396,15.5769,0.08609
f,614,-0.5401,15.5749,0.08608
f,615,-0.5407,15.5729,0.08608
f,616,-0.5412,15.5709,0.08607
f,617,-0.5418,15.569,0.08607
f,618,-0.5423,15.567,0.08606
f,619,-0.5429,15.5651,0.08605
f,620,-0.5434,15.5631,0.08605
f,621,-0.544,15.5612,0.08604
f,622,-0.5445,15.5593,0.08604
f,623,-0.5451,15.5574,0.08603
f,624,-0.5456,15.5555,0.08603
f,625,-0.5461,15.5536,0.08602
f,626,-0.5467,15.5517,0.08601
f,627,-0.5472,15.5498,0.08601
f,628,-0.5478,15.548,0.086
f,629,-0.5483,15.5461,0.086
f,630,-0.5488,15.5443,0.08599
f,631,-0.5494,15.5424,0.08598
f,632,-0.5499,15.5406,0.08598
f,633,-0.5504,15.5388,0.08597
f,634,-0.551,15.537,0.08597
f,635,-0.5515,15.5352,0.08596
f,636,-0.552,15.5334,0.08596
f,637,-0.5526,15.5316,0.08595
f,638,-0.5531,15.5299,0.08594
f,639,-0.5536,15.5281,0.08594
f,640,-0.5542,15.5263,0.08593
f,641,-0.5547,15.5246,0.08593
f,642,-0.5552,15.5229,0.08592
f,643,-0.5557,15.5212,0.08591
f,644,-0.5563,15.5194,0.08591
f,645,-0.5568,15.5177,0.0859
f,646,-0.5573,15.5161,0.0859
f,647,-0.5578,15.5144,0.08589
f,648,-0.5584,15.5127,0.08589
f,649,-0.5589,15.511,0.08588
f,650,-0.5594,15.5094,0.08587
f,651,-0.5599,15.5077,0.08587
f,652,-0.5605,15.5061,0.08586
f,653,-0.561,15.5045,0.08586
f,654,-0.5615,15.5028,0.08585
f,655,-0.562,15.5012,0.08585
f,656,-0.5625,15.4996,0.08584
f,657,-0.563,15.498,0.08584
f,658,-0.5636,15.4965,0.08583
f,659,-0.5641,15.4949,0.08582
f,660,-0.5646,15.4933,0.08582
f,661,-0.5651,15.4918,0.08581
f,662,-0.5656,15.4902,0.08581
f,663,-0.5661,15.4887,0.0858
f,664,-0.5666,15.4872,0.0858
f,665,-0.5672,15.4856,0.08579
f,666,-0.5677,15.4841,0.08579
f,667,-0.5682,15.4826,0.08578
f,668,-0.5687,15.4811,0.08577
f,669,-0.5692,15.4797,0.08577
f,670,-0.5697,15.4782,0.08576
f,671,-0.5702,15.4767,0.08576
f,672,-0.5707,15.4753,0.08575
f,673,-0.5712,15.4738,0.08575
f,674,-0.5717,15.4724,0.08574
f,675,-0.5722,15.471,0.08574
f,676,-0.5727,15.4695,0.08573
f,677,-0.5732,15.4681,0.08573
f,678,-0.5737,15.4667,0.08572
f,679,-0.5742,15.4653,0.08571
f,680,-0.5747,15.4639,0.08571
f,681,-0.5752,15.4626,0.0857
f,682,-0.5757,15.4612,0.0857
f,683,-0.5762,15.4598,0.08569
f,684,-0.5767,15.4585,0.08569
f,685,-0.5772,15.4572,0.08568
f,686,-0.5777,15.4558,0.08568
f,687,-0.5782,15.4545,0.08567
f,688,-0.5787,15.4532,0.08567
f,689,-0.5792,15.4519,0.08566
f,690,-0.5797,15.4506,0.08565
f,691,-0.5802,15.4493,0.08565
f,692,-0.5807,15.448,0.08564
f,693,-0.5812,15.4467,0.08564
f,694,-0.5817,15.4455,0.08563
f,695,-0.5821,15.4442,0.08563
f,696,-0.5826,15.443,0.08562
f,697,-0.5831,15.4417,0.08562
f,698,-0.5836,15.4405,0.08561
f,699,-0.5841,15.4393,0.08561
f,700,-0.5846,15.4381,0.0856
f,701,-0.5851,15.4368,0.0856
f,702,-0.5855,15.4356,0.08559
f,703,-0.586,15.4345,0.08559
f,704,-0.5865,15.4333,0.08558
f,705,-0.587,15.4321,0.08558
f,706,-0.5875,15.4309,0.08557
f,707,-0.588,15.4298,0.08556
f,708,-0.5884,15.4286,0.08556
f,709,-0.5889,15.4275,0.08555
f,710,-0.5894,15.4263,0.08555
f,711,-0.5899,15.4252,0.08554
f,712,-0.5904,15.4241,0.08554
f,713,-0.5908,15.423,0.08553
f,714,-0.5913,15.4219,0.08553
f,715,-0.5918,15.4208,0.08552
f,716,-0.5923,15.4197,0.08552
f,717,-0.5927,15.4186,0.08551
f,718,-0.5932,15.4175,0.08551
f,719,-0.5937,15.4164,0.0855
f,720,-0.5942,15.4154,0.0855
f,721,-0.5946,15.4143,0.08549
f,722,-0.5951,15.4133,0.08549
f,723,-0.5956,15.4122,0.08548
f,724,-0.5961,15.4112,0.08548
f,725,-0.5965,15.4102,0.08547
f,726,-0.597,15.4092,0.08547
f,727,-0.5975,15.4082,0.08546
f,728,-0.5979,15.4072,0.08546
f,729,-0.5984,15.4062,0.08545
f,730,-0.5989,15.4052,0.08545
f,731,-0.5684,15.6881,0.08454
f,732,-0.5684,15.6871,0.08454
f,733,-0.5684,15.6861,0.08454
f,734,-0.5684,15.6851,0.08454
f,735,-0.5684,15.6841,0.08454
f,736,-0.5684,15.6831,0.08454
f,737,-0.5684,15.6822,0.08454
f,738,-0.5684,15.6812,0.08454
f,739,-0.5684,15.6802,0.08454
f,740,-0.5684,15.6792,0.08454
f,741,-0.5684,15.6782,0.08454
f,742,-0.5684,15.6772,0.08454
f,743,-0.5684,15.6763,0.08454
f,744,-0.5684,15.6753,0.08454
f,745,-0.5684,15.6743,0.08453
f,746,-0.5684,15.6733,0.08453
f,747,-0.5684,15.6724,0.08453
f,748,-0.5684,15.6714,0.08453
f,749,-0.5684,15.6704,0.08453
f,750,-0.5684,15.6695,0.08453
f,751,-0.5684,15.6685,0.08453
f,752,-0.5684,15.6675,0.08453
f,753,-0.5684,15.6666,0.08453
f,754,-0.5684,15.6656,0.08453
f,755,-0.5684,15.6646,0.08453
f,756,-0.5684,15.6637,0.08453
f,757,-0.5684,15.6627,0.08452
f,758,-0.5684,15.6618,0.08452
f,759,-0.5684,15.6608,0.08452
f,760,-0.5684,15.6599,0.08452
f,761,-0.5684,15.6589,0.08452
f,762,-0.5684,15.658,0.08452
f,763,-0.5684,15.657,0.08452
f,764,-0.5684,15.6561,0.08452
f,765,-0.5684,15.6551,0.08452
f,766,-0.5684,15.6542,0.08452
f,767,-0.5684,15.6532,0.08451
f,768,-0.5684,15.6523,0.08451
f,769,-0.5684,15.6514,0.08451
f,770,-0.5684,15.6504,0.08451
f,771,-0.5684,15.6495,0.08451
f,772,-0.5684,15.6486,0.08451
f,773,-0.5684,15.6476,0.08451
f,774,-0.5684,15.6467,0.08451
f,775,-0.5684,15.6458,0.08451
f,776,-0.5684,15.6448,0.08451
f,777,-0.5684,15.6439,0.08451
f,778,-0.5684,15.643,0.0845
f,779,-0.5684,15.6421,0.0845
f,780,-0.5684,15.6411,0.0845
f,781,-0.5684,15.6402,0.0845
f,782,-0.5684,15.6393,0.0845
f,783,-0.5684,15.6384,0.0845
f,784,-0.5684,15.6375,0.0845
f,785,-0.5684,15.6366,0.0845
f,786,-0.5684,15.6356,0.0845
f,787,-0.5684,15.6347,0.0845
f,788,-0.5684,15.6338,0.08449
f,789,-0.5684,15.6329,0.08449
f,790,-0.5684,15.632,0.08449
f,791,-0.5684,15.6311,0.08449
f,792,-0.5684,15.6302,0.08449
f,793,-0.5684,15.6293,0.08449
f,794,-0.5684,15.6284,0.08449
f,795,-0.5684,15.6275,0.08449
f,796,-0.5684,15.6266,0.08449
f,797,-0.5684,15.6257,0.08449
f,798,-0.5684,15.6248,0.08448
f,799,-0.5684,15.6239,0.08448
f,800,-0.5684,15.623,0.08448
f,801,-0.5684,15.6221,0.08448
f,802,-0.5684,15.6212,0.08448
f,803,-0.5684,15.6203,0.08448
f,804,-0.5684,15.6194,0.08448
f,805,-0.5684,15.6185,0.08448
f,806,-0.5684,15.6176,0.08448
f,807,-0.5684,15.6168,0.08448
f,808,-0.5684,15.6159,0.08447
f,809,-0.5684,15.615,0.08447
f,810,-0.5684,15.6141,0.08447
f,811,-0.5684,15.6132,0.08447
f,812,-0.5684,15.6123,0.08447
f,813,-0.5684,15.6115,0.08447
f,814,-0.5684,15.6106,0.08447
f,815,-0.5684,15.6097,0.08447
f,816,-0.5684,15.6088,0.08447
f,817,-0.5684,15.6079,0.08447
f,818,-0.5684,15.6071,0.08447
f,819,-0.5684,15.6062,0.08447
f,820,-0.5684,15.6053,0.08446
f,821,-0.5684,15.6044,0.08446
f,822,-0.5684,15.6036,0.08446
f,823,-0.5684,15.6027,0.08446
f,824,-0.5684,15.6018,0.08446
f,825,-0.5684,15.601,0.08446
f,826,-0.5684,15.6001,0.08446
f,827,-0.5684,15.5992,0.08446
f,828,-0.5684,15.5984,0.08446
f,829,-0.5684,15.5975,0.08446
f,830,-0.5684,15.5966,0.08446
f,831,-0.5684,15.5958,0.08446
f,832,-0.5684,15.5949,0.08445
f,833,-0.5684,15.5941,0.08445
f,834,-0.5684,15.5932,0.08445
f,835,-0.5684,15.5923,0.08445
f,836,-0.5684,15.5915,0.08445
f,837,-0.5684,15.5906,0.08445
f,838,-0.5684,15.5898,0.08445
f,839,-0.5684,15.5889,0.08445
f,840,-0.5684,15.5881,0.08445
f,841,-0.5684,15.5872,0.08445
f,842,-0.5684,15.5863,0.08445
f,843,-0.5684,15.5855,0.08445
f,844,-0.5684,15.5846,0.08445
f,845,-0.5684,15.5838,0.08445
f,846,-0.5684,15.5829,0.08444
f,847,-0.5684,15.5821,0.08444
f,848,-0.5684,15.5812,0.08444
f,849,-0.5684,15.5804,0.08444
f,850,-0.5684,15.5796,0.08444
f,851,-0.5684,15.5787,0.08444
f,852,-0.5684,15.5779,0.08444
f,853,-0.5684,15.577,0.08444
f,854,-0.5684,15.5762,0.08444
f,855,-0.5684,15.5753,0.08444
f,856,-0.5684,15.5745,0.08444
f,857,-0.5684,15.5737,0.08444
f,858,-0.5684,15.5728,0.08444
f,859,-0.5684,15.572,0.08444
f,860,-0.5684,15.5711,0.08444
f,861,-0.5684,15.5703,0.08444
f,862,-0.5684,15.5695,0.08444
f,863,-0.5684,15.5686,0.08444
f,864,-0.5684,15.5678,0.08443
f,865,-0.5684,15.567,0.08443
f,866,-0.5684,15.5661,0.08443
f,867,-0.5684,15.5653,0.08443
f,868,-0.5684,15.5645,0.08443
f,869,-0.5684,15.5636,0.08443
f,870,-0.5684,15.5628,0.08443
f,871,-0.5684,15.562,0.08443
f,872,-0.5684,15.5611,0.08443
f,873,-0.5684,15.5603,0.08443
f,874,-0.5684,15.5595,0.08443
f,875,-0.5684,15.5587,0.08443
f,876,-0.5684,15.5578,0.08443
f,877,-0.5684,15.557,0.08443
f,878,-0.5684,15.5562,0.08443
f,879,-0.5684,15.5554,0.08443
f,880,-0.5684,15.5545,0.08443
f,881,-0.5684,15.5537,0.08443
f,882,-0.5684,15.5529,0.08443
f,883,-0.5684,15.5521,0.08443
f,884,-0.5684,15.5513,0.08443
f,885,-0.5684,15.5504,0.08443
f,886,-0.5684,15.5496,0.08443
f,887,-0.5684,15.5488,0.08443
f,888,-0.5684,15.548,0.08443
f,889,-0.5684,15.5472,0.08443
f,890,-0.5684,15.5463,0.08443
f,891,-0.5684,15.5455,0.08443
f,892,-0.5684,15.5447,0.08443
f,893,-0.5684,15.5439,0.08443
f,894,-0.5684,15.5431,0.08443
f,895,-0.5684,15.5423,0.08443
f,896,-0.5684,15.5414,0.08443
f,897,-0.5684,15.5406,0.08443
f,898,-0.5684,15.5398,0.08443
f,899,-0.5684,15.539,0.08443
f,900,-0.5684,15.5382,0.08443
f,901,-0.5684,15.5374,0.08443
f,902,-0.5684,15.5366,0.08443
f,903,-0.5684,15.5358,0.08443
f,904,-0.5684,15.535,0.08443
f,905,-0.5684,15.5341,0.08443
f,906,-0.5684,15.5333,0.08443
f,907,-0.5684,15.5325,0.08443
f,908,-0.5684,15.5317,0.08444
f,909,-0.5684,15.5309,0.08444
f,910,-0.5684,15.5301,0.08444
f,911,-0.5684,15.5293,0.08444
f,912,-0.5684,15.5285,0.08444
f,913,-0.5684,15.5277,0.08444
f,914,-0.5684,15.5269,0.08444
f,915,-0.5684,15.5261,0.08444
f,916,-0.5684,15.5253,0.08444
f,917,-0.5684,15.5245,0.08444
f,918,-0.5684,15.5237,0.08444
f,919,-0.5684,15.5229,0.08444
f,920,-0.5684,15.5221,0.08444
f,921,-0.5684,15.5213,0.08445
f,922,-0.5684,15.5205,0.08445
f,923,-0.5684,15.5197,0.08445
f,924,-0.5684,15.5189,0.08445
f,925,-0.5684,15.5181,0.08445
f,926,-0.5684,15.5173,0.08445
f,927,-0.5684,15.5165,0.08445
f,928,-0.5684,15.5157,0.08445
f,929,-0.5684,15.5149,0.08445
f,930,-0.5684,15.5141,0.08446
f,931,-0.5684,15.5133,0.08446
f,932,-0.5684,15.5125,0.08446
f,933,-0.5684,15.5117,0.08446
f,934,-0.5684,15.5109,0.08446
f,935,-0.5684,15.5101,0.08446
f,936,-0.5684,15.5093,0.08446
f,937,-0.5684,15.5086,0.08447
f,938,-0.5684,15.5078,0.08447
f,939,-0.5684,15.507,0.08447
f,940,-0.5684,15.5062,0.08447
f,941,-0.5684,15.5054,0.08447
f,942,-0.5684,15.5046,0.08447
f,943,-0.5684,15.5038,0.08448
f,944,-0.5684,15.503,0.08448
f,945,-0.5684,15.5023,0.08448
f,946,-0.5684,15.5015,0.08448
f,947,-0.5684,15.5007,0.08448
f,948,-0.5684,15.4999,0.08448
f,949,-0.5684,15.4991,0.08449
f,950,-0.5684,15.4983,0.08449
f,951,-0.5684,15.4976,0.08449
f,952,-0.5684,15.4968,0.08449
f,953,-0.5684,15.496,0.0845
f,954,-0.5684,15.4952,0.0845
f,955,-0.5684,15.4944,0.0845
f,956,-0.5684,15.4937,0.0845
f,957,-0.5684,15.4929,0.0845
f,958,-0.5684,15.4921,0.08451
f,959,-0.5684,15.4913,0.08451
f,960,-0.5684,15.4906,0.08451
f,961,-0.5684,15.4898,0.08451
f,962,-0.5684,15.489,0.08452
f,963,-0.5684,15.4883,0.08452
f,964,-0.5684,15.4875,0.08452
f,965,-0.5684,15.4867,0.08452
f,966,-0.5684,15.4859,0.08453
f,967,-0.5684,15.4852,0.08453
f,968,-0.5684,15.4844,0.08453
f,969,-0.5684,15.4836,0.08454
f,970,-0.5684,15.4829,0.08454
f,971,-0.5684,15.4821,0.08454
f,972,-0.5684,15.4814,0.08455
f,973,-0.5684,15.4806,0.08455
f,974,-0.5684,15.4798,0.08455
f,975,-0.5684,15.4791,0.08455
f,976,-0.5684,15.4783,0.08456
f,977,-0.5684,15.4776,0.08456
f,978,-0.5684,15.4768,0.08456
f,979,-0.5684,15.476,0.08457
f,980,-0.5684,15.4753,0.08457
f,981,-0.5684,15.4745,0.08457
f,982,-0.5684,15.4738,0.08458
f,983,-0.5684,15.473,0.08458
f,984,-0.5684,15.4723,0.08459
f,985,-0.5684,15.4715,0.08459
f,986,-0.5684,15.4708,0.08459
f,987,-0.5684,15.47,0.0846
f,988,-0.5684,15.4693,0.0846
f,989,-0.5684,15.4685,0.0846
f,990,-0.5684,15.4678,0.08461
f,991,-0.5684,15.467,0.08461
f,992,-0.5684,15.4663,0.08462
f,993,-0.5684,15.4656,0.08462
f,994,-0.5684,15.4648,0.08462
f,995,-0.5684,15.4641,0.08463
f,996,-0.5684,15.4633,0.08463
f,997,-0.5684,15.4626,0.08464
f,998,-0.5684,15.4619,0.08464
f,999,-0.5684,15.4611,0.08465
f,1000,-0.5684,15.4604,0.08465
f,1001,-0.5684,15.4597,0.08465
f,1002,-0.5684,15.4589,0.08466
f,1003,-0.5684,15.4582,0.08466
f,1004,-0.5684,15.4575,0.08467
f,1005,-0.5684,15.4568,0.08467
f,1006,-0.5684,15.456,0.08468
f,1007,-0.5684,15.4553,0.08468
f,1008,-0.5684,15.4546,0.08469
f,1009,-0.5684,15.4539,0.08469
f,1010,-0.5684,15.4531,0.0847
f,1011,-0.5684,15.4524,0.0847
f,1012,-0.5684,15.4517,0.08471
f,1013,-0.5684,15.451,0.08471
f,1014,-0.5684,15.4503,0.08472
f,1015,-0.5684,15.4495,0.08472
f,1016,-0.5684,15.4488,0.08473
f,1017,-0.5684,15.4481,0.08473
f,1018,-0.5684,15.4474,0.08474
f,1019,-0.5684,15.4467,0.08474
f,1020,-0.5684,15.446,0.08475
f,1021,-0.5684,15.4453,0.08476
f,1022,-0.5684,15.4446,0.08476
f,1023,-0.5684,15.4439,0.08477
f,1024,-0.5684,15.4432,0.08477
f,1025,-0.5684,15.4425,0.08478
f,1026,-0.5684,15.4418,0.08478
f,1027,-0.5684,15.4411,0.08479
f,1028,-0.5684,15.4404,0.0848
f,1029,-0.5684,15.4397,0.0848
f,1030,-0.5684,15.439,0.08481
f,1031,-0.5684,15.4383,0.08482
f,1032,-0.5684,15.4376,0.08482
f,1033,-0.5684,15.4369,0.08483
f,1034,-0.5684,15.4362,0.08483
f,1035,-0.5684,15.4355,0.08484
f,1036,-0.5684,15.4349,0.08485
f,1037,-0.5684,15.4342,0.08485
f,1038,-0.5684,15.4335,0.08486
f,1039,-0.5684,15.4328,0.08487
f,1040,-0.5684,15.4321,0.08487
f,1041,-0.5684,15.4315,0.08488
f,1042,-0.5684,15.4308,0.08489
f,1043,-0.5684,15.4301,0.08489
f,1044,-0.5684,15.4294,0.0849
f,1045,-0.5684,15.4288,0.08491
f,1046,-0.5684,15.4281,0.08492
f,1047,-0.5684,15.4274,0.08492
f,1048,-0.5684,15.4268,0.08493
f,1049,-0.5684,15.4261,0.08494
f,1050,-0.5684,15.4254,0.08494
f,1051,-0.5684,15.4248,0.08495
f,1052,-0.5684,15.4241,0.08496
f,1053,-0.5684,15.4234,0.08497
f,1054,-0.5684,15.4228,0.08497
f,1055,-0.5684,15.4221,0.08498
f,1056,-0.5684,15.4215,0.08499
f,1057,-0.5684,15.4208,0.085
f,1058,-0.5684,15.4202,0.08501
f,1059,-0.5684,15.4195,0.08501
f,1060,-0.5684,15.4189,0.08502
f,1061,-0.5684,15.4182,0.08503
f,1062,-0.5684,15.4176,0.08504
f,1063,-0.5684,15.4169,0.08505
f,1064,-0.5684,15.4163,0.08505
f,1065,-0.5684,15.4157,0.08506
f,1066,-0.5684,15.415,0.08507
f,1067,-0.5684,15.4144,0.08508
f,1068,-0.5684,15.4137,0.08509
f,1069,-0.5684,15.4131,0.0851
f,1070,-0.5684,15.4125,0.0851
f,1071,-0.5684,15.4119,0.08511
f,1072,-0.5684,15.4112,0.08512
f,1073,-0.5684,15.4106,0.08513
f,1074,-0.5684,15.41,0.08514
f,1075,-0.5684,15.4093,0.08515
f,1076,-0.5684,15.4087,0.08516
f,1077,-0.5684,15.4081,0.08517
f,1078,-0.5684,15.4075,0.08517
f,1079,-0.5684,15.4069,0.08518
f,1080,-0.5684,15.4063,0.08519
f,1081,-0.5684,15.4056,0.0852
f,1082,-0.5684,15.405,0.08521
f,1083,-0.5684,15.4044,0.08522
f,1084,-0.5684,15.4038,0.08523
f,1085,-0.5684,15.4032,0.08524
f,1086,-0.5684,15.4026,0.08525
f,1087,-0.5684,15.402,0.08526
f,1088,-0.5684,15.4014,0.08527
f,1089,-0.5684,15.4008,0.08528
f,1090,-0.5684,15.4002,0.08529
f,1091,-0.5684,15.3996,0.0853
f,1092,-0.5684,15.399,0.08531
f,1093,-0.5684,15.3984,0.08532
f,1094,-0.5684,15.3978,0.08533
f,1095,-0.5684,15.3972,0.08534
f,1096,-0.5684,15.3966,0.08535
f,1097,-0.5684,15.396,0.08536
f,1098,-0.5684,15.3954,0.08537
f,1099,-0.5684,15.3949,0.08538
f,1100,-0.5684,15.3943,0.08539
f,1101,-0.5684,15.3937,0.0854
f,1102,-0.5684,15.3931,0.08541
f,1103,-0.5684,15.3925,0.08542
f,1104,-0.5684,15.392,0.08543
f,1105,-0.5684,15.3914,0.08544
f,1106,-0.5684,15.3908,0.08545
f,1107,-0.5684,15.3902,0.08547
f,1108,-0.5684,15.3897,0.08548
f,1109,-0.5684,15.3891,0.08549
f,1110,-0.5684,15.3885,0.0855
f,1111,-0.5684,15.388,0.08551
f,1112,-0.5684,15.3874,0.08552
f,1113,-0.5684,15.3868,0.08553
f,1114,-0.5684,15.3863,0.08554
f,1115,-0.5684,15.3857,0.08556
f,1116,-0.5684,15.3852,0.08557
f,1117,-0.5684,15.3846,0.08558
f,1118,-0.5684,15.384,0.08559
f,1119,-0.5684,15.3835,0.0856
f,1120,-0.5684,15.3829,0.08561
f,1121,-0.5684,15.3824,0.08563
f,1122,-0.5684,15.3818,0.08564
f,1123,-0.5684,15.3813,0.08565
f,1124,-0.5684,15.3808,0.08566
f,1125,-0.5684,15.3802,0.08567
f,1126,-0.5684,15.3797,0.08569
f,1127,-0.5684,15.3791,0.0857
f,1128,-0.5684,15.3786,0.08571
f,1129,-0.5684,15.378,0.08572
f,1130,-0.5684,15.3775,0.08574
f,1131,-0.5684,15.377,0.08575
f,1132,-0.5684,15.3764,0.08576
f,1133,-0.5684,15.3759,0.08577
f,1134,-0.5684,15.3754,0.08579
f,1135,-0.5684,15.3748,0.0858
f,1136,-0.5684,15.3743,0.08581
f,1137,-0.5684,15.3738,0.08582
f,1138,-0.5684,15.3733,0.08584
f,1139,-0.5684,15.3727,0.08585
f,1140,-0.5684,15.3722,0.08586
f,1141,-0.5684,15.3717,0.08588
f,1142,-0.5684,15.3712,0.08589
f,1143,-0.5684,15.3707,0.0859
f,1144,-0.5684,15.3702,0.08592
f,1145,-0.5684,15.3696,0.08593
f,1146,-0.5684,15.3691,0.08594
f,1147,-0.5684,15.3686,0.08596
f,1148,-0.5684,15.3681,0.08597
f,1149,-0.5684,15.3676,0.08598
f,1150,-0.5684,15.3671,0.086
f,1151,-0.5684,15.3666,0.08601
f,1152,-0.5684,15.3661,0.08602
f,1153,-0.5684,15.3656,0.08604
f,1154,-0.5684,15.3651,0.08605
f,1155,-0.5684,15.3646,0.08606
f,1156,-0.5684,15.3641,0.08608
f,1157,-0.5684,15.3636,0.08609
f,1158,-0.5684,15.3631,0.08611
f,1159,-0.5684,15.3626,0.08612
f,1160,-0.5684,15.3621,0.08614
f,1161,-0.5684,15.3616,0.08615
f,1162,-0.5684,15.3611,0.08616
f,1163,-0.5684,15.3606,0.08618
f,1164,-0.5684,15.3601,0.08619
f,1165,-0.5684,15.3597,0.08621
f,1166,-0.5684,15.3592,0.08622
f,1167,-0.5684,15.3587,0.08624
f,1168,-0.5684,15.3582,0.08625
f,1169,-0.5684,15.3577,0.08627
f,1170,-0.5684,15.3572,0.08628
f,1171,-0.5684,15.3568,0.08629
f,1172,-0.5684,15.3563,0.08631
f,1173,-0.5684,15.3558,0.08632
f,1174,-0.5684,15.3553,0.08634
f,1175,-0.5684,15.3549,0.08635
f,1176,-0.5684,15.3544,0.08637
f,1177,-0.5684,15.3539,0.08638
f,1178,-0.5684,15.3535,0.0864
f,1179,-0.5684,15.353,0.08641
f,1180,-0.5684,15.3525,0.08643
f,1181,-0.5684,15.3521,0.08645
f,1182,-0.5684,15.3516,0.08646
f,1183,-0.5684,15.3511,0.08648
f,1184,-0.5684,15.3507,0.08649
f,1185,-0.5684,15.3502,0.08651
f,1186,-0.5684,15.3497,0.08652
f,1187,-0.5684,15.3493,0.08654
f,1188,-0.5684,15.3488,0.08655
f,1189,-0.5684,15.3484,0.08657
f,1190,-0.5684,15.3479,0.08659
f,1191,-0.5684,15.3475,0.0866
f,1192,-0.5684,15.347,0.08662
f,1193,-0.5684,15.3465,0.08663
f,1194,-0.5684,15.3461,0.08665
f,1195,-0.5684,15.3456,0.08666
f,1196,-0.5684,15.3452,0.08668
f,1197,-0.5684,15.3448,0.0867
f,1198,-0.5684,15.3443,0.08671
f,1199,-0.5684,15.3439,0.08673
f,1200,-0.5684,15.3434,0.08675
f,1201,-0.5684,15.343,0.08676
f,1202,-0.5684,15.3425,0.08678
f,1203,-0.5684,15.3421,0.08679
f,1204,-0.5684,15.3416,0.08681
f,1205,-0.5684,15.3412,0.08683
f,1206,-0.5684,15.3408,0.08684
f,1207,-0.5684,15.3403,0.08686
f,1208,-0.5684,15.3399,0.08688
f,1209,-0.5684,15.3395,0.08689
f,1210,-0.5684,15.339,0.08691
f,1211,-0.5684,15.3386,0.08693
f,1212,-0.5684,15.3382,0.08694
f,1213,-0.5684,15.3377,0.08696
f,1214,-0.5684,15.3373,0.08698
f,1215,-0.5684,15.3369,0.08699
f,1216,-0.5684,15.3364,0.08701
f,1217,-0.5684,15.336,0.08703
f,1218,-0.5684,15.3356,0.08704
f,1219,-0.5684,15.3352,0.08706
f,1220,-0.5684,15.3347,0.08708
f,1221,-0.5684,15.3343,0.0871
f,1222,-0.5684,15.3339,0.08711
f,1223,-0.5684,15.3335,0.08713
f,1224,-0.5684,15.3331,0.08715
f,1225,-0.5684,15.3326,0.08716
f,1226,-0.5684,15.3322,0.08718
f,1227,-0.5684,15.3318,0.0872
f,1228,-0.5684,15.3314,0.08722
f,1229,-0.5684,15.331,0.08723
f,1230,-0.5684,15.3306,0.08725
f,1231,-0.5684,15.3301,0.08727
f,1232,-0.5684,15.3297,0.08729
f,1233,-0.5684,15.3293,0.0873
f,1234,-0.5684,15.3289,0.08732
f,1235,-0.5684,15.3285,0.08734
f,1236,-0.5684,15.3281,0.08736
f,1237,-0.5684,15.3277,0.08737
f,1238,-0.5684,15.3273,0.08739
f,1239,-0.5684,15.3269,0.08741
f,1240,-0.5684,15.3265,0.08743
f,1241,-0.5684,15.3261,0.08745
f,1242,-0.5684,15.3257,0.08746
f,1243,-0.5684,15.3252,0.08748
f,1244,-0.5684,15.3248,0.0875
f,1245,-0.5684,15.3244,0.08752
f,1246,-0.5684,15.324,0.08753
f,1247,-0.5684,15.3236,0.08755
f,1248,-0.5684,15.3233,0.08757
f,1249,-0.5684,15.3229,0.08759
f,1250,-0.5684,15.3225,0.08761
f,1251,-0.5684,15.3221,0.08763
f,1252,-0.5684,15.3217,0.08764
f,1253,-0.5684,15.3213,0.08766
f,1254,-0.5684,15.3209,0.08768
f,1255,-0.5684,15.3205,0.0877
f,1256,-0.5684,15.3201,0.08772
f,1257,-0.5684,15.3197,0.08773
f,1258,-0.5684,15.3193,0.08775
f,1259,-0.5684,15.3189,0.08777
f,1260,-0.5684,15.3185,0.08779
f,1261,-0.5684,15.3182,0.08781
f,1262,-0.5684,15.3178,0.08783
f,1263,-0.5684,15.3174,0.08785
f,1264,-0.5684,15.317,0.08786
f,1265,-0.5684,15.3166,0.08788
f,1266,-0.5684,15.3162,0.0879
f,1267,-0.5684,15.3159,0.08792
f,1268,-0.5684,15.3155,0.08794
f,1269,-0.5684,15.3151,0.08796
f,1270,-0.5684,15.3147,0.08798
f,1271,-0.5684,15.3143,0.08799
f,1272,-0.5684,15.314,0.08801
f,1273,-0.5684,15.3136,0.08803
f,1274,-0.5684,15.3132,0.08805
f,1275,-0.5684,15.3128,0.08807
f,1276,-0.5684,15.3125,0.08809
f,1277,-0.5684,15.3121,0.08811
f,1278,-0.5684,15.3117,0.08813
f,1279,-0.5684,15.3114,0.08814
f,1280,-0.5684,15.311,0.08816
f,1281,-0.5684,15.3106,0.08818
f,1282,-0.5684,15.3102,0.0882
f,1283,-0.5684,15.3099,0.08822
f,1284,-0.5684,15.3095,0.08824
f,1285,-0.5684,15.3091,0.08826
f,1286,-0.5684,15.3088,0.08828
f,1287,-0.5684,15.3084,0.0883
f,1288,-0.5684,15.308,0.08832
f,1289,-0.5684,15.3077,0.08833
f,1290,-0.5684,15.3073,0.08835
f,1291,-0.5684,15.307,0.08837
f,1292,-0.5684,15.3066,0.08839
f,1293,-0.5684,15.3062,0.08841
f,1294,-0.5684,15.3059,0.08843
f,1295,-0.5684,15.3055,0.08845
f,1296,-0.5684,15.3052,0.08847
f,1297,-0.5684,15.3048,0.08849
f,1298,-0.5684,15.3044,0.08851
f,1299,-0.5684,15.3041,0.08853
f,1300,-0.5684,15.3037,0.08855
f,1301,-0.5684,15.3034,0.08857
f,1302,-0.5684,15.303,0.08859
f,1303,-0.5684,15.3027,0.0886
f,1304,-0.5684,15.3023,0.08862
f,1305,-0.5684,15.302,0.08864
f,1306,-0.5684,15.3016,0.08866
f,1307,-0.5684,15.3013,0.08868
f,1308,-0.5684,15.3009,0.0887
f,1309,-0.5684,15.3006,0.08872
f,1310,-0.5684,15.3002,0.08874
f,1311,-0.5684,15.2999,0.08876
f,1312,-0.5684,15.2996,0.08878
f,1313,-0.5684,15.2992,0.0888
f,1314,-0.5684,15.2989,0.08882
f,1315,-0.5684,15.2985,0.08884
f,1316,-0.5684,15.2982,0.08886
f,1317,-0.5684,15.2978,0.08888
f,1318,-0.5684,15.2975,0.0889
f,1319,-0.5684,15.2972,0.08892
f,1320,-0.5684,15.2968,0.08894
f,1321,-0.5684,15.2965,0.08896
f,1322,-0.5684,15.2962,0.08898
f,1323,-0.5684,15.2958,0.089
f,1324,-0.5684,15.2955,0.08901
f,1325,-0.5684,15.2952,0.08903
f,1326,-0.5684,15.2948,0.08905
f,1327,-0.5684,15.2945,0.08907
f,1328,-0.5684,15.2942,0.08909
f,1329,-0.5684,15.2938,0.08911
f,1330,-0.5684,15.2935,0.08913
f,1331,-0.5684,15.2932,0.08915
f,1332,-0.5684,15.2929,0.08917
f,1333,-0.5684,15.2925,0.08919
f,1334,-0.5684,15.2922,0.08921
f,1335,-0.5684,15.2919,0.08923
f,1336,-0.5684,15.2916,0.08925
f,1337,-0.5684,15.2913,0.08927
f,1338,-0.5684,15.2909,0.08929
f,1339,-0.5684,15.2906,0.08931
f,1340,-0.5684,15.2903,0.08933
f,1341,-0.5684,15.29,0.08935
f,1342,-0.5684,15.2897,0.08937
f,1343,-0.5684,15.2894,0.08939
f,1344,-0.5684,15.289,0.08941
f,1345,-0.5684,15.2887,0.08943
f,1346,-0.5684,15.2884,0.08945
f,1347,-0.5684,15.2881,0.08947
f,1348,-0.5684,15.2878,0.08949
f,1349,-0.5684,15.2875,0.08951
f,1350,-0.5684,15.2872,0.08953
f,1351,-0.5684,15.2869,0.08955
f,1352,-0.5684,15.2866,0.08957
f,1353,-0.5684,15.2863,0.08959
f,1354,-0.5684,15.286,0.08961
f,1355,-0.5684,15.2857,0.08963
f,1356,-0.5684,15.2854,0.08964
f,1357,-0.5684,15.2851,0.08966
f,1358,-0.5684,15.2848,0.08968
f,1359,-0.5684,15.2845,0.0897
f,1360,-0.5684,15.2842,0.08972
f,1361,-0.5684,15.2839,0.08974
f,1362,-0.5684,15.2836,0.08976
f,1363,-0.5684,15.2833,0.08978
f,1364,-0.5684,15.283,0.0898
f,1365,-0.5684,15.2827,0.08982
f,1366,-0.5684,15.2824,0.08984
f,1367,-0.5684,15.2821,0.08986
f,1368,-0.5684,15.2818,0.08988
f,1369,-0.5684,15.2816,0.0899
f,1370,-0.5684,15.2813,0.08992
f,1371,-0.5684,15.281,0.08994
f,1372,-0.5684,15.2807,0.08996
f,1373,-0.5684,15.2804,0.08998
f,1374,-0.5684,15.2801,0.09
f,1375,-0.5684,15.2799,0.09002
f,1376,-0.5684,15.2796,0.09004
f,1377,-0.5684,15.2793,0.09006
f,1378,-0.5684,15.279,0.09008
f,1379,-0.5684,15.2788,0.0901
f,1380,-0.5684,15.2785,0.09012
f,1381,-0.5684,15.2782,0.09013
f,1382,-0.5684,15.2779,0.09015
f,1383,-0.5684,15.2777,0.09017
f,1384,-0.5684,15.2774,0.09019
f,1385,-0.5684,15.2771,0.09021
f,1386,-0.5684,15.2769,0.09023
f,1387,-0.5684,15.2766,0.09025
f,1388,-0.5684,15.2763,0.09027
f,1389,-0.5684,15.2761,0.09029
f,1390,-0.5684,15.2758,0.09031
f,1391,-0.5684,15.2755,0.09033
f,1392,-0.5684,15.2753,0.09035
f,1393,-0.5684,15.275,0.09037
f,1394,-0.5684,15.2748,0.09039
f,1395,-0.5684,15.2745,0.09041
f,1396,-0.5684,15.2742,0.09043
f,1397,-0.5684,15.274,0.09045
f,1398,-0.5684,15.2737,0.09047
f,1399,-0.5684,15.2735,0.09049
f,1400,-0.5684,15.2732,0.0905
f,1401,-0.5684,15.273,0.09052
f,1402,-0.5684,15.2727,0.09054
f,1403,-0.5684,15.2725,0.09056
f,1404,-0.5684,15.2722,0.09058
f,1405,-0.5684,15.272,0.0906
f,1406,-0.5684,15.2717,0.09062
f,1407,-0.5684,15.2715,0.09064
f,1408,-0.5684,15.2713,0.09066
f,1409,-0.5684,15.271,0.09068
f,1410,-0.5684,15.2708,0.0907
f,1411,-0.5684,15.2705,0.09072
f,1412,-0.5684,15.2703,0.09074
f,1413,-0.5684,15.2701,0.09076
f,1414,-0.5684,15.2698,0.09078
f,1415,-0.5684,15.2696,0.0908
f,1416,-0.5684,15.2694,0.09081
f,1417,-0.5684,15.2691,0.09083
f,1418,-0.5684,15.2689,0.09085
f,1419,-0.5684,15.2687,0.09087
f,1420,-0.5684,15.2685,0.09089
f,1421,-0.5684,15.2682,0.09091
f,1422,-0.5684,15.268,0.09093
f,1423,-0.5684,15.2678,0.09095
f,1424,-0.5684,15.2676,0.09097
f,1425,-0.5684,15.2673,0.09099
f,1426,-0.5684,15.2671,0.09101
f,1427,-0.5684,15.2669,0.09103
f,1428,-0.5684,15.2667,0.09105
f,1429,-0.5684,15.2665,0.09107
f,1430,-0.5684,15.2662,0.09109
f,1431,-0.5684,15.266,0.0911
f,1432,-0.5684,15.2658,0.09112
f,1433,-0.5684,15.2656,0.09114
f,1434,-0.5684,15.2654,0.09116
f,1435,-0.5684,15.2652,0.09118
f,1436,-0.5684,15.265,0.0912
f,1437,-0.5684,15.2648,0.09122
f,1438,-0.5684,15.2646,0.09124
f,1439,-0.5684,15.2644,0.09126
f,1440,-0.5684,15.2642,0.09128
f,1441,-0.5684,15.264,0.0913
f,1442,-0.5684,15.2638,0.09132
f,1443,-0.5684,15.2636,0.09134
f,1444,-0.5684,15.2634,0.09136
f,1445,-0.5684,15.2632,0.09138
f,1446,-0.5684,15.263,0.09139
f,1447,-0.5684,15.2628,0.09141
f,1448,-0.5684,15.2626,0.09143
f,1449,-0.5684,15.2624,0.09145
f,1450,-0.5684,15.2622,0.09147
f,1451,-0.5684,15.262,0.09149
f,1452,-0.5684,15.2619,0.09151
f,1453,-0.5684,15.2617,0.09153
f,1454,-0.5684,15.2615,0.09155
f,1455,-0.5684,15.2613,0.09157
f,1456,-0.5684,15.2611,0.09159
f,1457,-0.5684,15.2609,0.09161
f,1458,-0.5684,15.2608,0.09163
f,1459,-0.5684,15.2606,0.09165
f,1460,-0.5684,15.2604,0.09167
f,1461,-0.5684,15.2602,0.09168
f,1462,-0.5684,15.2601,0.0917
f,1463,-0.5684,15.2599,0.09172
f,1464,-0.5684,15.2597,0.09174
f,1465,-0.5684,15.2596,0.09176
f,1466,-0.5684,15.2594,0.09178
f,1467,-0.5684,15.2592,0.0918
f,1468,-0.5684,15.2591,0.09182
f,1469,-0.5684,15.2589,0.09184
f,1470,-0.5684,15.2587,0.09186
f,1471,-0.5684,15.2586,0.09188
f,1472,-0.5684,15.2584,0.0919
f,1473,-0.5684,15.2583,0.09192
f,1474,-0.5684,15.2581,0.09194
f,1475,-0.5684,15.2579,0.09196
f,1476,-0.5684,15.2578,0.09198
f,1477,-0.5684,15.2576,0.092
f,1478,-0.5684,15.2575,0.09201
f,1479,-0.5684,15.2573,0.09203
f,1480,-0.5684,15.2572,0.09205
f,1481,-0.5684,15.257,0.09207
f,1482,-0.5684,15.2569,0.09209
f,1483,-0.5684,15.2568,0.09211
f,1484,-0.5684,15.2566,0.09213
f,1485,-0.5684,15.2565,0.09215
f,1486,-0.5684,15.2563,0.09217
f,1487,-0.5684,15.2562,0.09219
f,1488,-0.5684,15.2561,0.09221
f,1489,-0.5684,15.2559,0.09223
f,1490,-0.5684,15.2558,0.09225
f,1491,-0.5684,15.2557,0.09227
f,1492,-0.5684,15.2555,0.09229
f,1493,-0.5684,15.2554,0.09231
f,1494,-0.5684,15.2553,0.09232
f,1495,-0.5684,15.2551,0.09234
f,1496,-0.5684,15.255,0.09236
f,1497,-0.5684,15.2549,0.09238
f,1498,-0.5684,15.2548,0.0924
f,1499,-0.5684,15.2547,0.09242
f,1500,-0.5684,15.2545,0.09244
f,1501,-0.5684,15.2544,0.09246
f,1502,-0.5684,15.2543,0.09248
f,1503,-0.5684,15.2542,0.0925
f,1504,-0.5684,15.2541,0.09252
f,1505,-0.5684,15.254,0.09254
f,1506,-0.5684,15.2538,0.09256
f,1507,-0.5684,15.2537,0.09258
f,1508,-0.5684,15.2536,0.0926
f,1509,-0.5684,15.2535,0.09262
f,1510,-0.5684,15.2534,0.09263
f,1511,-0.5684,15.2533,0.09265
f,1512,-0.5684,15.2532,0.09267
f,1513,-0.5684,15.2531,0.09269
f,1514,-0.5684,15.253,0.09271
f,1515,-0.5684,15.2529,0.09273
f,1516,-0.5684,15.2528,0.09275
f,1517,-0.5684,15.2527,0.09277
f,1518,-0.5684,15.2526,0.09279
f,1519,-0.5684,15.2525,0.09281
f,1520,-0.5684,15.2525,0.09283
f,1521,-0.5684,15.2524,0.09285
f,1522,-0.5684,15.2523,0.09287
f,1523,-0.5684,15.2522,0.09289
f,1524,-0.5684,15.2521,0.09291
f,1525,-0.5684,15.252,0.09292
f,1526,-0.5684,15.2519,0.09294
f,1527,-0.5684,15.2519,0.09296
f,1528,-0.5684,15.2518,0.09298
f,1529,-0.5684,15.2517,0.093
f,1530,-0.5684,15.2516,0.09302
f,1531,-0.5684,15.2515,0.09304
f,1532,-0.5684,15.2515,0.09306
f,1533,-0.5684,15.2514,0.09308
f,1534,-0.5684,15.2513,0.0931
f,1535,-0.5684,15.2513,0.09312
f,1536,-0.5684,15.2512,0.09314
f,1537,-0.5684,15.2511,0.09316
f,1538,-0.5684,15.2511,0.09318
f,1539,-0.5684,15.251,0.0932
f,1540,-0.5684,15.2509,0.09321
f,1541,-0.5684,15.2509,0.09323
f,1542,-0.5684,15.2508,0.09325
f,1543,-0.5684,15.2508,0.09327
f,1544,-0.5684,15.2507,0.09329
f,1545,-0.5684,15.2507,0.09331
f,1546,-0.5684,15.2506,0.09333
f,1547,-0.5684,15.2506,0.09335
f,1548,-0.5684,15.2505,0.09337
f,1549,-0.5684,15.2505,0.09339
f,1550,-0.5684,15.2504,0.09341
f,1551,-0.5684,15.2504,0.09343
f,1552,-0.5684,15.2503,0.09345
f,1553,-0.5684,15.2503,0.09346
f,1554,-0.5684,15.2502,0.09348
f,1555,-0.5684,15.2502,0.0935
f,1556,-0.5684,15.2502,0.09352
f,1557,-0.5684,15.2501,0.09354
f,1558,-0.5684,15.2501,0.09356
f,1559,-0.5684,15.25,0.09358
f,1560,-0.5684,15.25,0.0936
f,1561,-0.5684,15.25,0.09362
f,1562,-0.5684,15.25,0.09364
f,1563,-0.5684,15.2499,0.09366
f,1564,-0.5684,15.2499,0.09368
f,1565,-0.5684,15.2499,0.09369
f,1566,-0.5684,15.2498,0.09371
f,1567,-0.5684,15.2498,0.09373
f,1568,-0.5684,15.2498,0.09375
f,1569,-0.5684,15.2498,0.09377
f,1570,-0.5684,15.2498,0.09379
f,1571,-0.5684,15.2497,0.09381
f,1572,-0.5684,15.2497,0.09383
f,1573,-0.5684,15.2497,0.09385
f,1574,-0.5684,15.2497,0.09387
f,1575,-0.5684,15.2497,0.09388
f,1576,-0.5684,15.2497,0.0939
f,1577,-0.5684,15.2497,0.09392
f,1578,-0.5684,15.2497,0.09394
f,1579,-0.5684,15.2497,0.09396
f,1580,-0.5684,15.2497,0.09398
f,1581,-0.5684,15.2496,0.094
f,1582,-0.5684,15.2496,0.09402
f,1583,-0.5684,15.2496,0.09404
f,1584,-0.5684,15.2496,0.09406
f,1585,-0.5684,15.2496,0.09407
f,1586,-0.5684,15.2497,0.09409
f,1587,-0.5684,15.2497,0.09411
f,1588,-0.5684,15.2497,0.09413
f,1589,-0.5684,15.2497,0.09415
f,1590,-0.5684,15.2497,0.09417
f,1591,-0.5684,15.2497,0.09419
f,1592,-0.5684,15.2497,0.09421
f,1593,-0.5684,15.2497,0.09422
f,1594,-0.5684,15.2497,0.09424
f,1595,-0.5684,15.2497,0.09426
f,1596,-0.5684,15.2498,0.09428
f,1597,-0.5684,15.2498,0.0943
f,1598,-0.5684,15.2498,0.09432
f,1599,-0.5684,15.2498,0.09434
f,1600,-0.5684,15.2498,0.09436
f,1601,-0.5684,15.2499,0.09437
f,1602,-0.5684,15.2499,0.09439
f,1603,-0.5684,15.2499,0.09441
f,1604,-0.5684,15.2499,0.09443
f,1605,-0.5684,15.25,0.09445
f,1606,-0.5684,15.25,0.09447
f,1607,-0.5684,15.25,0.09449
f,1608,-0.5684,15.25,0.0945
f,1609,-0.5684,15.2501,0.09452
f,1610,-0.5684,15.2501,0.09454
f,1611,-0.5684,15.2501,0.09456
f,1612,-0.5684,15.2502,0.09458
f,1613,-0.5684,15.2502,0.0946
f,1614,-0.5684,15.2502,0.09461
f,1615,-0.5684,15.2503,0.09463
f,1616,-0.5684,15.2503,0.09465
f,1617,-0.5684,15.2504,0.09467
f,1618,-0.5684,15.2504,0.09469
f,1619,-0.5684,15.2505,0.09471
f,1620,-0.5684,15.2505,0.09472
f,1621,-0.5684,15.2505,0.09474
f,1622,-0.5684,15.2506,0.09476
f,1623,-0.5684,15.2506,0.09478
f,1624,-0.5684,15.2507,0.0948
f,1625,-0.5684,15.2507,0.09481
f,1626,-0.5684,15.2508,0.09483
f,1627,-0.5684,15.2508,0.09485
f,1628,-0.5684,15.2509,0.09487
f,1629,-0.5684,15.2509,0.09489
f,1630,-0.5684,15.251,0.09491
f,1631,-0.5684,15.2511,0.09492
f,1632,-0.5684,15.2511,0.09494
f,1633,-0.5684,15.2512,0.09496
f,1634,-0.5684,15.2512,0.09498
f,1635,-0.5684,15.2513,0.095
f,1636,-0.5684,15.2514,0.09501
f,1637,-0.5684,15.2514,0.09503
f,1638,-0.5684,15.2515,0.09505
f,1639,-0.5684,15.2515,0.09507
f,1640,-0.5684,15.2516,0.09508
f,1641,-0.5684,15.2517,0.0951
f,1642,-0.5684,15.2517,0.09512
f,1643,-0.5684,15.2518,0.09514
f,1644,-0.5684,15.2519,0.09516
f,1645,-0.5684,15.2519,0.09517
f,1646,-0.5684,15.252,0.09519
f,1647,-0.5684,15.2521,0.09521
f,1648,-0.5684,15.2522,0.09523
f,1649,-0.5684,15.2522,0.09524
f,1650,-0.5684,15.2523,0.09526
f,1651,-0.5684,15.2524,0.09528
f,1652,-0.5684,15.2525,0.0953
f,1653,-0.5684,15.2525,0.09531
f,1654,-0.5684,15.2526,0.09533
f,1655,-0.5684,15.2527,0.09535
f,1656,-0.5684,15.2528,0.09537
f,1657,-0.5684,15.2529,0.09538
f,1658,-0.5684,15.2529,0.0954
f,1659,-0.5684,15.253,0.09542
f,1660,-0.5684,15.2531,0.09544
f,1661,-0.5684,15.2532,0.09545
f,1662,-0.5684,15.2533,0.09547
f,1663,-0.5684,15.2534,0.09549
f,1664,-0.5684,15.2534,0.0955
f,1665,-0.5684,15.2535,0.09552
f,1666,-0.5684,15.2536,0.09554
f,1667,-0.5684,15.2537,0.09556
f,1668,-0.5684,15.2538,0.09557
f,1669,-0.5684,15.2539,0.09559
f,1670,-0.5684,15.254,0.09561
f,1671,-0.5684,15.2541,0.09562
f,1672,-0.5684,15.2542,0.09564
f,1673,-0.5684,15.2543,0.09566
f,1674,-0.5684,15.2543,0.09567
f,1675,-0.5684,15.2544,0.09569
f,1676,-0.5684,15.2545,0.09571
f,1677,-0.5684,15.2546,0.09573
f,1678,-0.5684,15.2547,0.09574
f,1679,-0.5684,15.2548,0.09576
f,1680,-0.5684,15.2549,0.09578
f,1681,-0.5684,15.255,0.09579
f,1682,-0.5684,15.2551,0.09581
f,1683,-0.5684,15.2552,0.09583
f,1684,-0.5684,15.2553,0.09584
f,1685,-0.5684,15.2554,0.09586
f,1686,-0.5684,15.2555,0.09588
f,1687,-0.5684,15.2556,0.09589
f,1688,-0.5684,15.2557,0.09591
f,1689,-0.5684,15.2558,0.09593
f,1690,-0.5684,15.2559,0.09594
f,1691,-0.5684,15.256,0.09596
f,1692,-0.5684,15.2561,0.09597
f,1693,-0.5684,15.2563,0.09599
f,1694,-0.5684,15.2564,0.09601
f,1695,-0.5684,15.2565,0.09602
f,1696,-0.5684,15.2566,0.09604
f,1697,-0.5684,15.2567,0.09606
f,1698,-0.5684,15.2568,0.09607
f,1699,-0.5684,15.2569,0.09609
f,1700,-0.5684,15.257,0.0961
f,1701,-0.5684,15.2571,0.09612
f,1702,-0.5684,15.2572,0.09614
f,1703,-0.5684,15.2574,0.09615
f,1704,-0.5684,15.2575,0.09617
f,1705,-0.5684,15.2576,0.09618
f,1706,-0.5684,15.2577,0.0962
f,1707,-0.5684,15.2578,0.09622
f,1708,-0.5684,15.2579,0.09623
f,1709,-0.5684,15.258,0.09625
f,1710,-0.5684,15.2582,0.09626
f,1711,-0.5684,15.2583,0.09628
f,1712,-0.5684,15.2584,0.0963
f,1713,-0.5684,15.2585,0.09631
f,1714,-0.5684,15.2586,0.09633
f,1715,-0.5684,15.2587,0.09634
f,1716,-0.5684,15.2589,0.09636
f,1717,-0.5684,15.259,0.09637
f,1718,-0.5684,15.2591,0.09639
f,1719,-0.5684,15.2592,0.09641
f,1720,-0.5684,15.2593,0.09642
f,1721,-0.5684,15.2595,0.09644
f,1722,-0.5684,15.2596,0.09645
f,1723,-0.5684,15.2597,0.09647
f,1724,-0.5684,15.2598,0.09648
f,1725,-0.5684,15.2599,0.0965
f,1726,-0.5684,15.2601,0.09651
f,1727,-0.5684,15.2602,0.09653
f,1728,-0.5684,15.2603,0.09654
f,1729,-0.5684,15.2604,0.09656
f,1730,-0.5684,15.2606,0.09657
f,1731,-0.5684,15.2607,0.09659
f,1732,-0.5684,15.2608,0.0966
f,1733,-0.5684,15.261,0.09662
f,1734,-0.5684,15.2611,0.09663
f,1735,-0.5684,15.2612,0.09665
f,1736,-0.5684,15.2613,0.09666
f,1737,-0.5684,15.2615,0.09668
f,1738,-0.5684,15.2616,0.09669
f,1739,-0.5684,15.2617,0.09671
f,1740,-0.5684,15.2619,0.09672
f,1741,-0.5684,15.262,0.09674
f,1742,-0.5684,15.2621,0.09675
f,1743,-0.5684,15.2622,0.09677
f,1744,-0.5684,15.2624,0.09678
f,1745,-0.5684,15.2625,0.0968
f,1746,-0.5684,15.2626,0.09681
f,1747,-0.5684,15.2628,0.09683
f,1748,-0.5684,15.2629,0.09684
f,1749,-0.5684,15.263,0.09686
f,1750,-0.5684,15.2632,0.09687
f,1751,-0.5684,15.2633,0.09688
f,1752,-0.5684,15.2635,0.0969
f,1753,-0.5684,15.2636,0.09691
f,1754,-0.5684,15.2637,0.09693
f,1755,-0.5684,15.2639,0.09694
f,1756,-0.5684,15.264,0.09696
f,1757,-0.5684,15.2641,0.09697
f,1758,-0.5684,15.2643,0.09699
f,1759,-0.5684,15.2644,0.097
f,1760,-0.5684,15.2646,0.09701
f,1761,-0.5684,15.2647,0.09703
f,1762,-0.5684,15.2648,0.09704
f,1763,-0.5684,15.265,0.09706
f,1764,-0.5684,15.2651,0.09707
f,1765,-0.5684,15.2653,0.09708
f,1766,-0.5684,15.2654,0.0971
f,1767,-0.5684,15.2655,0.09711
f,1768,-0.5684,15.2657,0.09713
f,1769,-0.5684,15.2658,0.09714
f,1770,-0.5684,15.266,0.09715
f,1771,-0.5684,15.2661,0.09717
f,1772,-0.5684,15.2663,0.09718
f,1773,-0.5684,15.2664,0.0972
f,1774,-0.5684,15.2665,0.09721
f,1775,-0.5684,15.2667,0.09722
f,1776,-0.5684,15.2668,0.09724
f,1777,-0.5684,15.267,0.09725
f,1778,-0.5684,15.2671,0.09726
f,1779,-0.5684,15.2673,0.09728
f,1780,-0.5684,15.2674,0.09729
f,1781,-0.5684,15.2676,0.0973
f,1782,-0.5684,15.2677,0.09732
f,1783,-0.5684,15.2679,0.09733
f,1784,-0.5684,15.268,0.09734
f,1785,-0.5684,15.2682,0.09736
f,1786,-0.5684,15.2683,0.09737
f,1787,-0.5684,15.2685,0.09739
f,1788,-0.5684,15.2686,0.0974
f,1789,-0.5684,15.2688,0.09741
f,1790,-0.5684,15.2689,0.09743
f,1791,-0.5684,15.2691,0.09744
f,1792,-0.5684,15.2692,0.09745
f,1793,-0.5684,15.2694,0.09746
f,1794,-0.5684,15.2695,0.09748
f,1795,-0.5684,15.2697,0.09749
f,1796,-0.5684,15.2698,0.0975
f,1797,-0.5684,15.27,0.09752
f,1798,-0.5684,15.2702,0.09753
f,1799,-0.5684,15.2703,0.09754
f,1800,-0.5684,15.2705,0.09756
f,1801,-0.5684,15.2706,0.09757
f,1802,-0.5684,15.2708,0.09758
f,1803,-0.5684,15.2709,0.0976
f,1804,-0.5684,15.2711,0.09761
f,1805,-0.5684,15.2713,0.09762
f,1806,-0.5684,15.2714,0.09763
f,1807,-0.5684,15.2716,0.09765
f,1808,-0.5684,15.2717,0.09766
f,1809,-0.5684,15.2719,0.09767
f,1810,-0.5684,15.272,0.09769
f,1811,-0.5684,15.2722,0.0977
f,1812,-0.5684,15.2724,0.09771
f,1813,-0.5684,15.2725,0.09772
f,1814,-0.5684,15.2727,0.09774
f,1815,-0.5684,15.2729,0.09775
f,1816,-0.5684,15.273,0.09776
f,1817,-0.5684,15.2732,0.09777
f,1818,-0.5684,15.2733,0.09779
f,1819,-0.5684,15.2735,0.0978
f,1820,-0.5684,15.2737,0.09781
f,1821,-0.5684,15.2738,0.09782
f,1822,-0.5684,15.274,0.09784
f,1823,-0.5684,15.2742,0.09785
f,1824,-0.5684,15.2743,0.09786
f,1825,-0.5684,15.2745,0.09787
f,1826,-0.5684,15.2747,0.09789
f,1827,-0.5684,15.2748,0.0979
f,1828,-0.5684,15.275,0.09791
f,1829,-0.5684,15.2752,0.09792
f,1830,-0.5684,15.2753,0.09794
f,1831,-0.5684,15.2755,0.09795
f,1832,-0.5684,15.2757,0.09796
f,1833,-0.5684,15.2758,0.09797
f,1834,-0.5684,15.276,0.09799
f,1835,-0.5684,15.2762,0.098
f,1836,-0.5684,15.2763,0.09801
f,1837,-0.5684,15.2765,0.09802
f,1838,-0.5684,15.2767,0.09803
f,1839,-0.5684,15.2768,0.09805
f,1840,-0.5684,15.277,0.09806
f,1841,-0.5684,15.2772,0.09807
f,1842,-0.5684,15.2773,0.09808
f,1843,-0.5684,15.2775,0.0981
f,1844,-0.5684,15.2777,0.09811
f,1845,-0.5684,15.2779,0.09812
f,1846,-0.5684,15.278,0.09813
f,1847,-0.5684,15.2782,0.09814
f,1848,-0.5684,15.2784,0.09816
f,1849,-0.5684,15.2785,0.09817
f,1850,-0.5684,15.2787,0.09818
f,1851,-0.5684,15.2789,0.09819
f,1852,-0.5684,15.2791,0.0982
f,1853,-0.5684,15.2792,0.09822
f,1854,-0.5684,15.2794,0.09823
f,1855,-0.5684,15.2796,0.09824
f,1856,-0.5684,15.2798,0.09825
