sex,age,L,M,S
m,0,0.3487,3.3464,0.14602
m,1,0.3127,3.3174,0.14693
m,2,0.3029,3.337,0.14676
m,3,0.2959,3.3627,0.14647
m,4,0.2903,3.3915,0.14611
m,5,0.2855,3.4223,0.14571
m,6,0.2813,3.4545,0.14528
m,7,0.2776,3.4879,0.14483
m,8,0.2742,3.5222,0.14436
m,9,0.2711,3.5576,0.14388
m,10,0.2681,3.5941,0.14339
m,11,0.2654,3.6319,0.1429
m,12,0.2628,3.671,0.14241
m,13,0.2604,3.7113,0.14192
m,14,0.2581,3.7529,0.14142
m,15,0.2558,3.7956,0.14093
m,16,0.2537,3.8389,0.14044
m,17,0.2517,3.8828,0.13996
m,18,0.2497,3.927,0.13948
m,19,0.2478,3.9714,0.139
m,20,0.246,4.0158,0.13853
m,21,0.2442,4.0603,0.13807
m,22,0.2425,4.1046,0.13761
m,23,0.2408,4.1489,0.13715
m,24,0.2392,4.193,0.1367
m,25,0.2376,4.2369,0.13626
m,26,0.2361,4.2806,0.13582
m,27,0.2346,4.324,0.13539
m,28,0.2331,4.3671,0.13497
m,29,0.2317,4.41,0.13455
m,30,0.2303,4.4525,0.13413
m,31,0.229,4.4946,0.13372
m,32,0.2276,4.5363,0.13332
m,33,0.2263,4.5776,0.13292
m,34,0.225,4.6185,0.13253
m,35,0.2237,4.659,0.13215
m,36,0.2225,4.699,0.13177
m,37,0.2213,4.7386,0.13139
m,38,0.2201,4.7778,0.13102
m,39,0.2189,4.8166,0.13066
m,40,0.2178,4.8549,0.1303
m,41,0.2166,4.8928,0.12994
m,42,0.2155,4.9303,0.1296
m,43,0.2144,4.9674,0.12925
m,44,0.2133,5.0041,0.12891
m,45,0.2122,5.0404,0.12858
m,46,0.2112,5.0763,0.12825
m,47,0.2101,5.1118,0.12792
m,48,0.2091,5.1469,0.1276
m,49,0.2081,5.1817,0.12729
m,50,0.2071,5.2161,0.12698
m,51,0.2061,5.2501,0.12667
m,52,0.2052,5.2837,0.12637
m,53,0.2042,5.3171,0.12607
m,54,0.2032,5.35,0.12577
m,55,0.2023,5.3826,0.12548
m,56,0.2014,5.4149,0.1252
m,57,0.2005,5.4468,0.12491
m,58,0.1996,5.4784,0.12463
m,59,0.1987,5.5097,0.12436
m,60,0.1978,5.5407,0.12409
m,61,0.1969,5.5714,0.12382
m,62,0.196,5.6018,0.12356
m,63,0.1952,5.6319,0.1233
m,64,0.1943,5.6617,0.12304
m,65,0.1935,5.6912,0.12279
m,66,0.1926,5.7205,0.12254
m,67,0.1918,5.7494,0.12229
m,68,0.191,5.7781,0.12205
m,69,0.1902,5.8065,0.12181
m,70,0.1894,5.8346,0.12157
m,71,0.1886,5.8625,0.12134
m,72,0.1878,5.8901,0.12111
m,73,0.187,5.9174,0.12088
m,74,0.1863,5.9445,0.12066
m,75,0.1855,5.9713,0.12044
m,76,0.1847,5.9979,0.12022
m,77,0.184,6.0242,0.12001
m,78,0.1832,6.0503,0.1198
m,79,0.1825,6.0762,0.11959
m,80,0.1818,6.1018,0.11939
m,81,0.181,6.1272,0.11918
m,82,0.1803,6.1523,0.11899
m,83,0.1796,6.1772,0.11879
m,84,0.1789,6.2019,0.1186
m,85,0.1782,6.2264,0.11841
m,86,0.1775,6.2507,0.11822
m,87,0.1768,6.2748,0.11803
m,88,0.1761,6.2986,0.11785
m,89,0.1754,6.3223,0.11767
m,90,0.1747,6.3457,0.1175
m,91,0.174,6.369,0.11732
m,92,0.1734,6.3921,0.11715
m,93,0.1727,6.4149,0.11698
m,94,0.172,6.4376,0.11682
m,95,0.1714,6.4601,0.11666
m,96,0.1707,6.4824,0.11649
m,97,0.1701,6.5046,0.11634
m,98,0.1694,6.5265,0.11618
m,99,0.1688,6.5483,0.11603
m,100,0.1682,6.5699,0.11588
m,101,0.1675,6.5914,0.11573
m,102,0.1669,6.6126,0.11558
m,103,0.1663,6.6338,0.11544
m,104,0.1657,6.6547,0.1153
m,105,0.1651,6.6755,0.11516
m,106,0.1644,6.6962,0.11502
m,107,0.1638,6.7166,0.11489
m,108,0.1632,6.737,0.11476
m,109,0.1626,6.7572,0.11463
m,110,0.162,6.7772,0.1145
m,111,0.1614,6.7971,0.11438
m,112,0.1609,6.8168,0.11425
m,113,0.1603,6.8365,0.11413
m,114,0.1597,6.8559,0.11401
m,115,0.1591,6.8753,0.1139
m,116,0.1585,6.8945,0.11378
m,117,0.158,6.9135,0.11367
m,118,0.1574,6.9325,0.11356
m,119,0.1568,6.9513,0.11345
m,120,0.1563,6.9699,0.11334
m,121,0.1557,6.9885,0.11324
m,122,0.1551,7.0069,0.11313
m,123,0.1546,7.0252,0.11303
m,124,0.154,7.0434,0.11293
m,125,0.1535,7.0615,0.11283
m,126,0.1529,7.0794,0.11274
m,127,0.1524,7.0972,0.11265
m,128,0.1519,7.1149,0.11255
m,129,0.1513,7.1325,0.11246
m,130,0.1508,7.15,0.11237
m,131,0.1502,7.1674,0.11229
m,132,0.1497,7.1846,0.1122
m,133,0.1492,7.2018,0.11212
m,134,0.1487,7.2188,0.11204
m,135,0.1481,7.2357,0.11196
m,136,0.1476,7.2525,0.11188
m,137,0.1471,7.2692,0.1118
m,138,0.1466,7.2858,0.11172
m,139,0.1461,7.3023,0.11165
m,140,0.1456,7.3187,0.11158
m,141,0.1451,7.335,0.1115
m,142,0.1446,7.3512,0.11143
m,143,0.1441,7.3673,0.11137
m,144,0.1436,7.3833,0.1113
m,145,0.1431,7.3992,0.11123
m,146,0.1426,7.415,0.11117
m,147,0.1421,7.4307,0.11111
m,148,0.1416,7.4463,0.11104
m,149,0.1411,7.4618,0.11098
m,150,0.1406,7.4772,0.11092
m,151,0.1401,7.4925,0.11087
m,152,0.1396,7.5077,0.11081
m,153,0.1391,7.5228,0.11075
m,154,0.1387,7.5379,0.1107
m,155,0.1382,7.5528,0.11065
m,156,0.1377,7.5677,0.11059
m,157,0.1372,7.5824,0.11054
m,158,0.1368,7.5971,0.11049
m,159,0.1363,7.6117,0.11044
m,160,0.1358,7.6262,0.1104
m,161,0.1354,7.6406,0.11035
m,162,0.1349,7.655,0.11031
m,163,0.1344,7.6692,0.11026
m,164,0.134,7.6834,0.11022
m,165,0.1335,7.6975,0.11018
m,166,0.1331,7.7115,0.11013
m,167,0.1326,7.7255,0.11009
m,168,0.1322,7.7394,0.11005
m,169,0.1317,7.7532,0.11002
m,170,0.1313,7.7669,0.10998
m,171,0.1308,7.7805,0.10994
m,172,0.1304,7.7941,0.10991
m,173,0.1299,7.8076,0.10987
m,174,0.1295,7.821,0.10984
m,175,0.129,7.8344,0.1098
m,176,0.1286,7.8477,0.10977
m,177,0.1282,7.8609,0.10974
m,178,0.1277,7.8741,0.10971
m,179,0.1273,7.8871,0.10968
m,180,0.1269,7.9002,0.10965
m,181,0.1264,7.9131,0.10962
m,182,0.126,7.926,0.10959
m,183,0.1256,7.9389,0.10957
m,184,0.1251,7.9516,0.10954
m,185,0.1247,7.9643,0.10951
m,186,0.1243,7.977,0.10949
m,187,0.1239,7.9895,0.10946
m,188,0.1235,8.0021,0.10944
m,189,0.123,8.0145,0.10942
m,190,0.1226,8.0269,0.1094
m,191,0.1222,8.0392,0.10937
m,192,0.1218,8.0515,0.10935
m,193,0.1214,8.0637,0.10933
m,194,0.121,8.0759,0.10931
m,195,0.1206,8.0879,0.10929
m,196,0.1201,8.1,0.10927
m,197,0.1197,8.112,0.10925
m,198,0.1193,8.1239,0.10924
m,199,0.1189,8.1357,0.10922
m,200,0.1185,8.1475,0.1092
m,201,0.1181,8.1593,0.10919
m,202,0.1177,8.171,0.10917
m,203,0.1173,8.1826,0.10915
m,204,0.1169,8.1942,0.10914
m,205,0.1165,8.2058,0.10913
m,206,0.1161,8.2173,0.10911
m,207,0.1157,8.2287,0.1091
m,208,0.1153,8.2401,0.10908
m,209,0.1149,8.2514,0.10907
m,210,0.1145,8.2627,0.10906
m,211,0.1142,8.2739,0.10905
m,212,0.1138,8.2851,0.10903
m,213,0.1134,8.2963,0.10902
m,214,0.113,8.3074,0.10901
m,215,0.1126,8.3184,0.109
m,216,0.1122,8.3294,0.10899
m,217,0.1118,8.3404,0.10898
m,218,0.1115,8.3513,0.10897
m,219,0.1111,8.3621,0.10896
m,220,0.1107,8.3729,0.10895
m,221,0.1103,8.3837,0.10894
m,222,0.1099,8.3944,0.10894
m,223,0.1096,8.4051,0.10893
m,224,0.1092,8.4157,0.10892
m,225,0.1088,8.4263,0.10891
m,226,0.1084,8.4369,0.10891
m,227,0.1081,8.4474,0.1089
m,228,0.1077,8.4578,0.10889
m,229,0.1073,8.4683,0.10889
m,230,0.107,8.4787,0.10888
m,231,0.1066,8.489,0.10887
m,232,0.1062,8.4993,0.10887
m,233,0.1059,8.5096,0.10886
m,234,0.1055,8.5198,0.10886
m,235,0.1051,8.53,0.10885
m,236,0.1048,8.5401,0.10885
m,237,0.1044,8.5502,0.10884
m,238,0.104,8.5603,0.10884
m,239,0.1037,8.5704,0.10884
m,240,0.1033,8.5804,0.10883
m,241,0.103,8.5903,0.10883
m,242,0.1026,8.6003,0.10882
m,243,0.1023,8.6102,0.10882
m,244,0.1019,8.62,0.10882
m,245,0.1015,8.6299,0.10882
m,246,0.1012,8.6397,0.10881
m,247,0.1008,8.6494,0.10881
m,248,0.1005,8.6592,0.10881
m,249,0.1001,8.6689,0.10881
m,250,0.0998,8.6785,0.10881
m,251,0.0994,8.6882,0.1088
m,252,0.0991,8.6978,0.1088
m,253,0.0987,8.7073,0.1088
m,254,0.0984,8.7169,0.1088
m,255,0.0981,8.7264,0.1088
m,256,0.0977,8.7359,0.1088
m,257,0.0974,8.7453,0.1088
m,258,0.097,8.7548,0.1088
m,259,0.0967,8.7642,0.1088
m,260,0.0963,8.7735,0.1088
m,261,0.096,8.7829,0.1088
m,262,0.0957,8.7922,0.1088
m,263,0.0953,8.8015,0.1088
m,264,0.095,8.8107,0.1088
m,265,0.0947,8.82,0.1088
m,266,0.0943,8.8292,0.1088
m,267,0.094,8.8384,0.1088
m,268,0.0937,8.8475,0.1088
m,269,0.0933,8.8567,0.1088
m,270,0.093,8.8658,0.1088
m,271,0.0927,8.8748,0.1088
m,272,0.0923,8.8839,0.10881
m,273,0.092,8.8929,0.10881
m,274,0.0917,8.9019,0.10881
m,275,0.0913,8.9109,0.10881
m,276,0.091,8.9199,0.10881
m,277,0.0907,8.9288,0.10882
m,278,0.0904,8.9377,0.10882
m,279,0.09,8.9466,0.10882
m,280,0.0897,8.9555,0.10882
m,281,0.0894,8.9643,0.10882
m,282,0.0891,8.9731,0.10883
m,283,0.0887,8.9819,0.10883
m,284,0.0884,8.9907,0.10883
m,285,0.0881,8.9995,0.10884
m,286,0.0878,9.0082,0.10884
m,287,0.0875,9.0169,0.10884
m,288,0.0871,9.0256,0.10884
m,289,0.0868,9.0342,0.10885
m,290,0.0865,9.0429,0.10885
m,291,0.0862,9.0515,0.10885
m,292,0.0859,9.0601,0.10886
m,293,0.0856,9.0687,0.10886
m,294,0.0852,9.0772,0.10887
m,295,0.0849,9.0858,0.10887
m,296,0.0846,9.0943,0.10887
m,297,0.0843,9.1028,0.10888
m,298,0.084,9.1113,0.10888
m,299,0.0837,9.1198,0.10888
m,300,0.0834,9.1282,0.10889
m,301,0.0831,9.1366,0.10889
m,302,0.0827,9.145,0.1089
m,303,0.0824,9.1534,0.1089
m,304,0.0821,9.1618,0.1089
m,305,0.0818,9.1701,0.10891
m,306,0.0815,9.1785,0.10891
m,307,0.0812,9.1868,0.10892
m,308,0.0809,9.1951,0.10892
m,309,0.0806,9.2034,0.10893
m,310,0.0803,9.2117,0.10893
m,311,0.08,9.2199,0.10894
m,312,0.0797,9.2282,0.10894
m,313,0.0794,9.2364,0.10894
m,314,0.0791,9.2446,0.10895
m,315,0.0788,9.2528,0.10895
m,316,0.0785,9.261,0.10896
m,317,0.0782,9.2691,0.10896
m,318,0.0779,9.2773,0.10897
m,319,0.0776,9.2854,0.10897
m,320,0.0773,9.2935,0.10898
m,321,0.077,9.3016,0.10898
m,322,0.0767,9.3097,0.10899
m,323,0.0764,9.3178,0.10899
m,324,0.0761,9.3258,0.109
m,325,0.0758,9.3339,0.10901
m,326,0.0755,9.3419,0.10901
m,327,0.0752,9.3499,0.10902
m,328,0.0749,9.3579,0.10902
m,329,0.0746,9.3659,0.10903
m,330,0.0744,9.3739,0.10903
m,331,0.0741,9.3819,0.10904
m,332,0.0738,9.3898,0.10904
m,333,0.0735,9.3978,0.10905
m,334,0.0732,9.4057,0.10905
m,335,0.0729,9.4136,0.10906
m,336,0.0726,9.4215,0.10907
m,337,0.0723,9.4294,0.10907
m,338,0.072,9.4373,0.10908
m,339,0.0718,9.4452,0.10908
m,340,0.0715,9.453,0.10909
m,341,0.0712,9.4609,0.1091
m,342,0.0709,9.4687,0.1091
m,343,0.0706,9.4765,0.10911
m,344,0.0703,9.4844,0.10911
m,345,0.0701,9.4922,0.10912
m,346,0.0698,9.4999,0.10913
m,347,0.0695,9.5077,0.10913
m,348,0.0692,9.5155,0.10914
m,349,0.0689,9.5232,0.10915
m,350,0.0686,9.531,0.10915
m,351,0.0684,9.5387,0.10916
m,352,0.0681,9.5464,0.10916
m,353,0.0678,9.5542,0.10917
m,354,0.0675,9.5619,0.10918
m,355,0.0672,9.5696,0.10918
m,356,0.067,9.5772,0.10919
m,357,0.0667,9.5849,0.1092
m,358,0.0664,9.5926,0.1092
m,359,0.0661,9.6002,0.10921
m,360,0.0659,9.6079,0.10922
m,361,0.0656,9.6155,0.10922
m,362,0.0653,9.6231,0.10923
m,363,0.065,9.6308,0.10924
m,364,0.0648,9.6384,0.10925
m,365,0.0645,9.646,0.10925
m,366,0.0642,9.6535,0.10926
m,367,0.064,9.6611,0.10927
m,368,0.0637,9.6687,0.10927
m,369,0.0634,9.6763,0.10928
m,370,0.0631,9.6838,0.10929
m,371,0.0629,9.6914,0.1093
m,372,0.0626,9.6989,0.1093
m,373,0.0623,9.7064,0.10931
m,374,0.0621,9.7139,0.10932
m,375,0.0618,9.7214,0.10933
m,376,0.0615,9.7289,0.10933
m,377,0.0613,9.7364,0.10934
m,378,0.061,9.7439,0.10935
m,379,0.0607,9.7514,0.10936
m,380,0.0605,9.7588,0.10936
m,381,0.0602,9.7663,0.10937
m,382,0.0599,9.7738,0.10938
m,383,0.0597,9.7812,0.10939
m,384,0.0594,9.7886,0.10939
m,385,0.0591,9.796,0.1094
m,386,0.0589,9.8035,0.10941
m,387,0.0586,9.8109,0.10942
m,388,0.0583,9.8183,0.10943
m,389,0.0581,9.8257,0.10943
m,390,0.0578,9.833,0.10944
m,391,0.0576,9.8404,0.10945
m,392,0.0573,9.8478,0.10946
m,393,0.057,9.8551,0.10947
m,394,0.0568,9.8625,0.10948
m,395,0.0565,9.8699,0.10948
m,396,0.0563,9.8772,0.10949
m,397,0.056,9.8845,0.1095
m,398,0.0557,9.8918,0.10951
m,399,0.0555,9.8992,0.10952
m,400,0.0552,9.9065,0.10953
m,401,0.055,9.9138,0.10954
m,402,0.0547,9.9211,0.10954
m,403,0.0545,9.9284,0.10955
m,404,0.0542,9.9357,0.10956
m,405,0.054,9.9429,0.10957
m,406,0.0537,9.9502,0.10958
m,407,0.0534,9.9575,0.10959
m,408,0.0532,9.9647,0.1096
m,409,0.0529,9.972,0.10961
m,410,0.0527,9.9792,0.10961
m,411,0.0524,9.9865,0.10962
m,412,0.0522,9.9937,0.10963
m,413,0.0519,10.0009,0.10964
m,414,0.0517,10.0082,0.10965
m,415,0.0514,10.0154,0.10966
m,416,0.0512,10.0226,0.10967
m,417,0.0509,10.0298,0.10968
m,418,0.0507,10.037,0.10969
m,419,0.0504,10.0442,0.1097
m,420,0.0502,10.0514,0.10971
m,421,0.0499,10.0586,0.10971
m,422,0.0497,10.0657,0.10972
m,423,0.0494,10.0729,0.10973
m,424,0.0492,10.0801,0.10974
m,425,0.0489,10.0872,0.10975
m,426,0.0487,10.0944,0.10976
m,427,0.0484,10.1015,0.10977
m,428,0.0482,10.1087,0.10978
m,429,0.0479,10.1158,0.10979
m,430,0.0477,10.123,0.1098
m,431,0.0475,10.1301,0.10981
m,432,0.0472,10.1372,0.10982
m,433,0.047,10.1443,0.10983
m,434,0.0467,10.1515,0.10984
m,435,0.0465,10.1586,0.10985
m,436,0.0462,10.1657,0.10986
m,437,0.046,10.1728,0.10987
m,438,0.0458,10.1799,0.10988
m,439,0.0455,10.187,0.10989
m,440,0.0453,10.1941,0.1099
m,441,0.045,10.2011,0.10991
m,442,0.0448,10.2082,0.10992
m,443,0.0445,10.2153,0.10993
m,444,0.0443,10.2224,0.10994
m,445,0.0441,10.2294,0.10995
m,446,0.0438,10.2365,0.10996
m,447,0.0436,10.2435,0.10997
m,448,0.0433,10.2506,0.10998
m,449,0.0431,10.2576,0.10999
m,450,0.0429,10.2647,0.11
m,451,0.0426,10.2717,0.11001
m,452,0.0424,10.2788,0.11002
m,453,0.0422,10.2858,0.11003
m,454,0.0419,10.2928,0.11005
m,455,0.0417,10.2998,0.11006
m,456,0.0414,10.3069,0.11007
m,457,0.0412,10.3139,0.11008
m,458,0.041,10.3209,0.11009
m,459,0.0407,10.3279,0.1101
m,460,0.0405,10.3349,0.11011
m,461,0.0403,10.3419,0.11012
m,462,0.04,10.3489,0.11013
m,463,0.0398,10.3559,0.11014
m,464,0.0396,10.3629,0.11015
m,465,0.0393,10.3699,0.11016
m,466,0.0391,10.3769,0.11017
m,467,0.0389,10.3839,0.11019
m,468,0.0386,10.3908,0.1102
m,469,0.0384,10.3978,0.11021
m,470,0.0382,10.4048,0.11022
m,471,0.0379,10.4118,0.11023
m,472,0.0377,10.4187,0.11024
m,473,0.0375,10.4257,0.11025
m,474,0.0373,10.4326,0.11026
m,475,0.037,10.4396,0.11027
m,476,0.0368,10.4465,0.11029
m,477,0.0366,10.4535,0.1103
m,478,0.0363,10.4604,0.11031
m,479,0.0361,10.4674,0.11032
m,480,0.0359,10.4743,0.11033
m,481,0.0357,10.4813,0.11034
m,482,0.0354,10.4882,0.11035
m,483,0.0352,10.4951,0.11037
m,484,0.035,10.502,0.11038
m,485,0.0347,10.509,0.11039
m,486,0.0345,10.5159,0.1104
m,487,0.0343,10.5228,0.11041
m,488,0.0341,10.5297,0.11042
m,489,0.0338,10.5366,0.11044
m,490,0.0336,10.5435,0.11045
m,491,0.0334,10.5505,0.11046
m,492,0.0332,10.5574,0.11047
m,493,0.0329,10.5643,0.11048
m,494,0.0327,10.5712,0.1105
m,495,0.0325,10.578,0.11051
m,496,0.0323,10.5849,0.11052
m,497,0.032,10.5918,0.11053
m,498,0.0318,10.5987,0.11054
m,499,0.0316,10.6056,0.11056
m,500,0.0314,10.6125,0.11057
m,501,0.0312,10.6193,0.11058
m,502,0.0309,10.6262,0.11059
m,503,0.0307,10.6331,0.1106
m,504,0.0305,10.6399,0.11062
m,505,0.0303,10.6468,0.11063
m,506,0.03,10.6537,0.11064
m,507,0.0298,10.6605,0.11065
m,508,0.0296,10.6674,0.11067
m,509,0.0294,10.6742,0.11068
m,510,0.0292,10.6811,0.11069
m,511,0.0289,10.6879,0.1107
m,512,0.0287,10.6948,0.11072
m,513,0.0285,10.7016,0.11073
m,514,0.0283,10.7084,0.11074
m,515,0.0281,10.7153,0.11075
m,516,0.0279,10.7221,0.11077
m,517,0.0276,10.7289,0.11078
m,518,0.0274,10.7357,0.11079
m,519,0.0272,10.7426,0.11081
m,520,0.027,10.7494,0.11082
m,521,0.0268,10.7562,0.11083
m,522,0.0266,10.763,0.11084
m,523,0.0263,10.7698,0.11086
m,524,0.0261,10.7766,0.11087
m,525,0.0259,10.7835,0.11088
m,526,0.0257,10.7903,0.1109
m,527,0.0255,10.7971,0.11091
m,528,0.0253,10.8039,0.11092
m,529,0.025,10.8107,0.11094
m,530,0.0248,10.8174,0.11095
m,531,0.0246,10.8242,0.11096
m,532,0.0244,10.831,0.11098
m,533,0.0242,10.8378,0.11099
m,534,0.024,10.8446,0.111
m,535,0.0238,10.8514,0.11102
m,536,0.0236,10.8582,0.11103
m,537,0.0233,10.8649,0.11104
m,538,0.0231,10.8717,0.11106
m,539,0.0229,10.8785,0.11107
m,540,0.0227,10.8852,0.11108
m,541,0.0225,10.892,0.1111
m,542,0.0223,10.8988,0.11111
m,543,0.0221,10.9055,0.11113
m,544,0.0219,10.9123,0.11114
m,545,0.0217,10.9191,0.11115
m,546,0.0214,10.9258,0.11117
m,547,0.0212,10.9326,0.11118
m,548,0.021,10.9393,0.1112
m,549,0.0208,10.9461,0.11121
m,550,0.0206,10.9528,0.11122
m,551,0.0204,10.9596,0.11124
m,552,0.0202,10.9663,0.11125
m,553,0.02,10.973,0.11127
m,554,0.0198,10.9798,0.11128
m,555,0.0196,10.9865,0.11129
m,556,0.0194,10.9932,0.11131
m,557,0.0192,11,0.11132
m,558,0.0189,11.0067,0.11134
m,559,0.0187,11.0134,0.11135
m,560,0.0185,11.0202,0.11137
m,561,0.0183,11.0269,0.11138
m,562,0.0181,11.0336,0.11139
m,563,0.0179,11.0403,0.11141
m,564,0.0177,11.047,0.11142
m,565,0.0175,11.0537,0.11144
m,566,0.0173,11.0605,0.11145
m,567,0.0171,11.0672,0.11147
m,568,0.0169,11.0739,0.11148
m,569,0.0167,11.0806,0.1115
m,570,0.0165,11.0873,0.11151
m,571,0.0163,11.094,0.11153
m,572,0.0161,11.1007,0.11154
m,573,0.0159,11.1074,0.11156
m,574,0.0157,11.1141,0.11157
m,575,0.0155,11.1208,0.11159
m,576,0.0153,11.1275,0.1116
m,577,0.0151,11.1342,0.11162
m,578,0.0149,11.1409,0.11163
m,579,0.0147,11.1476,0.11165
m,580,0.0144,11.1543,0.11166
m,581,0.0142,11.161,0.11168
m,582,0.014,11.1676,0.11169
m,583,0.0138,11.1743,0.11171
m,584,0.0136,11.181,0.11172
m,585,0.0134,11.1877,0.11174
m,586,0.0132,11.1944,0.11175
m,587,0.013,11.2011,0.11177
m,588,0.0128,11.2077,0.11178
m,589,0.0126,11.2144,0.1118
m,590,0.0124,11.2211,0.11182
m,591,0.0122,11.2278,0.11183
m,592,0.012,11.2345,0.11185
m,593,0.0118,11.2411,0.11186
m,594,0.0116,11.2478,0.11188
m,595,0.0114,11.2545,0.11189
m,596,0.0112,11.2612,0.11191
m,597,0.0111,11.2678,0.11192
m,598,0.0109,11.2745,0.11194
m,599,0.0107,11.2812,0.11196
m,600,0.0105,11.2878,0.11197
m,601,0.0103,11.2945,0.11199
m,602,0.0101,11.3012,0.112
m,603,0.0099,11.3078,0.11202
m,604,0.0097,11.3145,0.11204
m,605,0.0095,11.3212,0.11205
m,606,0.0093,11.3278,0.11207
m,607,0.0091,11.3345,0.11208
m,608,0.0089,11.3412,0.1121
m,609,0.0087,11.3478,0.11212
m,610,0.0085,11.3545,0.11213
m,611,0.0083,11.3612,0.11215
m,612,0.0081,11.3678,0.11216
m,613,0.0079,11.3745,0.11218
m,614,0.0077,11.3811,0.1122
m,615,0.0075,11.3878,0.11221
m,616,0.0073,11.3945,0.11223
m,617,0.0071,11.4011,0.11224
m,618,0.0069,11.4078,0.11226
m,619,0.0067,11.4144,0.11228
m,620,0.0066,11.4211,0.11229
m,621,0.0064,11.4277,0.11231
m,622,0.0062,11.4344,0.11233
m,623,0.006,11.441,0.11234
m,624,0.0058,11.4477,0.11236
m,625,0.0056,11.4543,0.11238
m,626,0.0054,11.461,0.11239
m,627,0.0052,11.4676,0.11241
m,628,0.005,11.4743,0.11243
m,629,0.0048,11.4809,0.11244
m,630,0.0046,11.4876,0.11246
m,631,0.0044,11.4942,0.11248
m,632,0.0043,11.5009,0.11249
m,633,0.0041,11.5075,0.11251
m,634,0.0039,11.5142,0.11253
m,635,0.0037,11.5208,0.11254
m,636,0.0035,11.5274,0.11256
m,637,0.0033,11.5341,0.11258
m,638,0.0031,11.5407,0.11259
m,639,0.0029,11.5474,0.11261
m,640,0.0027,11.554,0.11263
m,641,0.0025,11.5606,0.11265
m,642,0.0024,11.5673,0.11266
m,643,0.0022,11.5739,0.11268
m,644,0.002,11.5806,0.1127
m,645,0.0018,11.5872,0.11271
m,646,0.0016,11.5938,0.11273
m,647,0.0014,11.6005,0.11275
m,648,0.0012,11.6071,0.11276
m,649,0.001,11.6137,0.11278
m,650,0.0008,11.6204,0.1128
m,651,0.0007,11.627,0.11282
m,652,0.0005,11.6336,0.11283
m,653,0.0003,11.6403,0.11285
m,654,0.0001,11.6469,0.11287
m,655,-0.0001,11.6535,0.11289
m,656,-0.0003,11.6601,0.1129
m,657,-0.0005,11.6668,0.11292
m,658,-0.0006,11.6734,0.11294
m,659,-0.0008,11.68,0.11296
m,660,-0.001,11.6866,0.11297
m,661,-0.0012,11.6933,0.11299
m,662,-0.0014,11.6999,0.11301
m,663,-0.0016,11.7065,0.11303
m,664,-0.0018,11.7131,0.11304
m,665,-0.0019,11.7198,0.11306
m,666,-0.0021,11.7264,0.11308
m,667,-0.0023,11.733,0.1131
m,668,-0.0025,11.7396,0.11311
m,669,-0.0027,11.7462,0.11313
m,670,-0.0029,11.7528,0.11315
m,671,-0.003,11.7595,0.11317
m,672,-0.0032,11.7661,0.11318
m,673,-0.0034,11.7727,0.1132
m,674,-0.0036,11.7793,0.11322
m,675,-0.0038,11.7859,0.11324
m,676,-0.004,11.7925,0.11326
m,677,-0.0041,11.7991,0.11327
m,678,-0.0043,11.8057,0.11329
m,679,-0.0045,11.8124,0.11331
m,680,-0.0047,11.819,0.11333
m,681,-0.0049,11.8256,0.11335
m,682,-0.0051,11.8322,0.11336
m,683,-0.0052,11.8388,0.11338
m,684,-0.0054,11.8454,0.1134
m,685,-0.0056,11.852,0.11342
m,686,-0.0058,11.8586,0.11344
m,687,-0.006,11.8652,0.11345
m,688,-0.0061,11.8718,0.11347
m,689,-0.0063,11.8784,0.11349
m,690,-0.0065,11.885,0.11351
m,691,-0.0067,11.8916,0.11353
m,692,-0.0069,11.8982,0.11354
m,693,-0.007,11.9048,0.11356
m,694,-0.0072,11.9114,0.11358
m,695,-0.0074,11.918,0.1136
m,696,-0.0076,11.9246,0.11362
m,697,-0.0078,11.9312,0.11364
m,698,-0.0079,11.9378,0.11365
m,699,-0.0081,11.9444,0.11367
m,700,-0.0083,11.951,0.11369
m,701,-0.0085,11.9576,0.11371
m,702,-0.0087,11.9642,0.11373
m,703,-0.0088,11.9707,0.11375
m,704,-0.009,11.9773,0.11376
m,705,-0.0092,11.9839,0.11378
m,706,-0.0094,11.9905,0.1138
m,707,-0.0095,11.9971,0.11382
m,708,-0.0097,12.0037,0.11384
m,709,-0.0099,12.0103,0.11386
m,710,-0.0101,12.0168,0.11388
m,711,-0.0102,12.0234,0.11389
m,712,-0.0104,12.03,0.11391
m,713,-0.0106,12.0366,0.11393
m,714,-0.0108,12.0431,0.11395
m,715,-0.011,12.0497,0.11397
m,716,-0.0111,12.0563,0.11399
m,717,-0.0113,12.0629,0.11401
m,718,-0.0115,12.0694,0.11403
m,719,-0.0117,12.076,0.11404
m,720,-0.0118,12.0826,0.11406
m,721,-0.012,12.0891,0.11408
m,722,-0.0122,12.0957,0.1141
m,723,-0.0124,12.1023,0.11412
m,724,-0.0125,12.1088,0.11414
m,725,-0.0127,12.1154,0.11416
m,726,-0.0129,12.122,0.11418
m,727,-0.0131,12.1285,0.1142
m,728,-0.0132,12.1351,0.11421
m,729,-0.0134,12.1416,0.11423
m,730,-0.0136,12.1482,0.11425
m,731,-0.0137,12.1548,0.11427
m,732,-0.0139,12.1613,0.11429
m,733,-0.0141,12.1679,0.11431
m,734,-0.0143,12.1744,0.11433
m,735,-0.0144,12.181,0.11435
m,736,-0.0146,12.1875,0.11437
m,737,-0.0148,12.1941,0.11439
m,738,-0.015,12.2006,0.1144
m,739,-0.0151,12.2072,0.11442
m,740,-0.0153,12.2137,0.11444
m,741,-0.0155,12.2202,0.11446
m,742,-0.0156,12.2268,0.11448
m,743,-0.0158,12.2333,0.1145
m,744,-0.016,12.2398,0.11452
m,745,-0.0162,12.2464,0.11454
m,746,-0.0163,12.2529,0.11456
m,747,-0.0165,12.2594,0.11458
m,748,-0.0167,12.266,0.1146
m,749,-0.0168,12.2725,0.11462
m,750,-0.017,12.279,0.11464
m,751,-0.0172,12.2855,0.11465
m,752,-0.0174,12.292,0.11467
m,753,-0.0175,12.2986,0.11469
m,754,-0.0177,12.3051,0.11471
m,755,-0.0179,12.3116,0.11473
m,756,-0.018,12.3181,0.11475
m,757,-0.0182,12.3246,0.11477
m,758,-0.0184,12.3311,0.11479
m,759,-0.0185,12.3376,0.11481
m,760,-0.0187,12.3441,0.11483
m,761,-0.0189,12.3506,0.11485
m,762,-0.0191,12.3571,0.11487
m,763,-0.0192,12.3636,0.11489
m,764,-0.0194,12.3701,0.11491
m,765,-0.0196,12.3766,0.11493
m,766,-0.0197,12.383,0.11495
m,767,-0.0199,12.3895,0.11497
m,768,-0.0201,12.396,0.11498
m,769,-0.0202,12.4025,0.115
m,770,-0.0204,12.409,0.11502
m,771,-0.0206,12.4154,0.11504
m,772,-0.0207,12.4219,0.11506
m,773,-0.0209,12.4284,0.11508
m,774,-0.0211,12.4348,0.1151
m,775,-0.0212,12.4413,0.11512
m,776,-0.0214,12.4477,0.11514
m,777,-0.0216,12.4542,0.11516
m,778,-0.0217,12.4606,0.11518
m,779,-0.0219,12.4671,0.1152
m,780,-0.0221,12.4735,0.11522
m,781,-0.0222,12.48,0.11524
m,782,-0.0224,12.4864,0.11526
m,783,-0.0226,12.4929,0.11528
m,784,-0.0227,12.4993,0.1153
m,785,-0.0229,12.5057,0.11532
m,786,-0.0231,12.5121,0.11534
m,787,-0.0232,12.5186,0.11536
m,788,-0.0234,12.525,0.11538
m,789,-0.0236,12.5314,0.1154
m,790,-0.0237,12.5378,0.11542
m,791,-0.0239,12.5442,0.11544
m,792,-0.0241,12.5506,0.11545
m,793,-0.0242,12.557,0.11547
m,794,-0.0244,12.5634,0.11549
m,795,-0.0246,12.5698,0.11551
m,796,-0.0247,12.5762,0.11553
m,797,-0.0249,12.5826,0.11555
m,798,-0.025,12.589,0.11557
m,799,-0.0252,12.5954,0.11559
m,800,-0.0254,12.6018,0.11561
m,801,-0.0255,12.6082,0.11563
m,802,-0.0257,12.6145,0.11565
m,803,-0.0259,12.6209,0.11567
m,804,-0.026,12.6273,0.11569
m,805,-0.0262,12.6336,0.11571
m,806,-0.0264,12.64,0.11573
m,807,-0.0265,12.6464,0.11575
m,808,-0.0267,12.6527,0.11577
m,809,-0.0268,12.6591,0.11579
m,810,-0.027,12.6654,0.11581
m,811,-0.0272,12.6718,0.11583
m,812,-0.0273,12.6781,0.11585
m,813,-0.0275,12.6844,0.11587
m,814,-0.0277,12.6908,0.11589
m,815,-0.0278,12.6971,0.11591
m,816,-0.028,12.7034,0.11593
m,817,-0.0281,12.7098,0.11595
m,818,-0.0283,12.7161,0.11597
m,819,-0.0285,12.7224,0.11599
m,820,-0.0286,12.7287,0.11601
m,821,-0.0288,12.735,0.11602
m,822,-0.0289,12.7413,0.11604
m,823,-0.0291,12.7476,0.11606
m,824,-0.0293,12.7539,0.11608
m,825,-0.0294,12.7602,0.1161
m,826,-0.0296,12.7665,0.11612
m,827,-0.0297,12.7728,0.11614
m,828,-0.0299,12.7791,0.11616
m,829,-0.0301,12.7854,0.11618
m,830,-0.0302,12.7916,0.1162
m,831,-0.0304,12.7979,0.11622
m,832,-0.0305,12.8042,0.11624
m,833,-0.0307,12.8104,0.11626
m,834,-0.0309,12.8167,0.11628
m,835,-0.031,12.823,0.1163
m,836,-0.0312,12.8292,0.11632
m,837,-0.0313,12.8355,0.11634
m,838,-0.0315,12.8417,0.11636
m,839,-0.0317,12.848,0.11638
m,840,-0.0318,12.8542,0.1164
m,841,-0.032,12.8604,0.11642
m,842,-0.0321,12.8667,0.11644
m,843,-0.0323,12.8729,0.11646
m,844,-0.0324,12.8791,0.11647
m,845,-0.0326,12.8853,0.11649
m,846,-0.0328,12.8915,0.11651
m,847,-0.0329,12.8978,0.11653
m,848,-0.0331,12.904,0.11655
m,849,-0.0332,12.9102,0.11657
m,850,-0.0334,12.9164,0.11659
m,851,-0.0336,12.9226,0.11661
m,852,-0.0337,12.9288,0.11663
m,853,-0.0339,12.935,0.11665
m,854,-0.034,12.9411,0.11667
m,855,-0.0342,12.9473,0.11669
m,856,-0.0343,12.9535,0.11671
m,857,-0.0345,12.9597,0.11673
m,858,-0.0346,12.9658,0.11675
m,859,-0.0348,12.972,0.11677
m,860,-0.035,12.9782,0.11679
m,861,-0.0351,12.9843,0.11681
m,862,-0.0353,12.9905,0.11683
m,863,-0.0354,12.9966,0.11684
m,864,-0.0356,13.0028,0.11686
m,865,-0.0357,13.0089,0.11688
m,866,-0.0359,13.0151,0.1169
m,867,-0.0361,13.0212,0.11692
m,868,-0.0362,13.0273,0.11694
m,869,-0.0364,13.0334,0.11696
m,870,-0.0365,13.0396,0.11698
m,871,-0.0367,13.0457,0.117
m,872,-0.0368,13.0518,0.11702
m,873,-0.037,13.0579,0.11704
m,874,-0.0371,13.064,0.11706
m,875,-0.0373,13.0701,0.11708
m,876,-0.0374,13.0762,0.1171
m,877,-0.0376,13.0823,0.11712
m,878,-0.0378,13.0884,0.11713
m,879,-0.0379,13.0945,0.11715
m,880,-0.0381,13.1006,0.11717
m,881,-0.0382,13.1067,0.11719
m,882,-0.0384,13.1127,0.11721
m,883,-0.0385,13.1188,0.11723
m,884,-0.0387,13.1249,0.11725
m,885,-0.0388,13.131,0.11727
m,886,-0.039,13.137,0.11729
m,887,-0.0391,13.1431,0.11731
m,888,-0.0393,13.1491,0.11733
m,889,-0.0394,13.1552,0.11735
m,890,-0.0396,13.1612,0.11737
m,891,-0.0397,13.1673,0.11739
m,892,-0.0399,13.1733,0.1174
m,893,-0.0401,13.1793,0.11742
m,894,-0.0402,13.1854,0.11744
m,895,-0.0404,13.1914,0.11746
m,896,-0.0405,13.1974,0.11748
m,897,-0.0407,13.2034,0.1175
m,898,-0.0408,13.2095,0.11752
m,899,-0.041,13.2155,0.11754
m,900,-0.0411,13.2215,0.11756
m,901,-0.0413,13.2275,0.11758
m,902,-0.0414,13.2335,0.1176
m,903,-0.0416,13.2395,0.11762
m,904,-0.0417,13.2455,0.11763
m,905,-0.0419,13.2515,0.11765
m,906,-0.042,13.2575,0.11767
m,907,-0.0422,13.2634,0.11769
m,908,-0.0423,13.2694,0.11771
m,909,-0.0425,13.2754,0.11773
m,910,-0.0426,13.2814,0.11775
m,911,-0.0428,13.2873,0.11777
m,912,-0.0429,13.2933,0.11779
m,913,-0.0431,13.2993,0.11781
m,914,-0.0432,13.3052,0.11783
m,915,-0.0434,13.3112,0.11785
m,916,-0.0435,13.3171,0.11786
m,917,-0.0437,13.3231,0.11788
m,918,-0.0438,13.329,0.1179
m,919,-0.044,13.335,0.11792
m,920,-0.0441,13.3409,0.11794
m,921,-0.0443,13.3468,0.11796
m,922,-0.0444,13.3528,0.11798
m,923,-0.0446,13.3587,0.118
m,924,-0.0447,13.3646,0.11802
m,925,-0.0449,13.3705,0.11804
m,926,-0.045,13.3765,0.11805
m,927,-0.0452,13.3824,0.11807
m,928,-0.0453,13.3883,0.11809
m,929,-0.0455,13.3942,0.11811
m,930,-0.0456,13.4001,0.11813
m,931,-0.0458,13.406,0.11815
m,932,-0.0459,13.4119,0.11817
m,933,-0.0461,13.4178,0.11819
m,934,-0.0462,13.4237,0.11821
m,935,-0.0464,13.4296,0.11823
m,936,-0.0465,13.4354,0.11825
m,937,-0.0466,13.4413,0.11826
m,938,-0.0468,13.4472,0.11828
m,939,-0.0469,13.4531,0.1183
m,940,-0.0471,13.4589,0.11832
m,941,-0.0472,13.4648,0.11834
m,942,-0.0474,13.4707,0.11836
m,943,-0.0475,13.4765,0.11838
m,944,-0.0477,13.4824,0.1184
m,945,-0.0478,13.4883,0.11842
m,946,-0.048,13.4941,0.11843
m,947,-0.0481,13.5,0.11845
m,948,-0.0483,13.5058,0.11847
m,949,-0.0484,13.5116,0.11849
m,950,-0.0486,13.5175,0.11851
m,951,-0.0487,13.5233,0.11853
m,952,-0.0489,13.5291,0.11855
m,953,-0.049,13.535,0.11857
m,954,-0.0491,13.5408,0.11859
m,955,-0.0493,13.5466,0.1186
m,956,-0.0494,13.5524,0.11862
m,957,-0.0496,13.5583,0.11864
m,958,-0.0497,13.5641,0.11866
m,959,-0.0499,13.5699,0.11868
m,960,-0.05,13.5757,0.1187
m,961,-0.0502,13.5815,0.11872
m,962,-0.0503,13.5873,0.11874
m,963,-0.0505,13.5931,0.11876
m,964,-0.0506,13.5989,0.11877
m,965,-0.0507,13.6047,0.11879
m,966,-0.0509,13.6105,0.11881
m,967,-0.051,13.6163,0.11883
m,968,-0.0512,13.622,0.11885
m,969,-0.0513,13.6278,0.11887
m,970,-0.0515,13.6336,0.11889
m,971,-0.0516,13.6394,0.11891
m,972,-0.0518,13.6452,0.11892
m,973,-0.0519,13.6509,0.11894
m,974,-0.052,13.6567,0.11896
m,975,-0.0522,13.6625,0.11898
m,976,-0.0523,13.6682,0.119
m,977,-0.0525,13.674,0.11902
m,978,-0.0526,13.6797,0.11904
m,979,-0.0528,13.6855,0.11906
m,980,-0.0529,13.6912,0.11907
m,981,-0.053,13.697,0.11909
m,982,-0.0532,13.7027,0.11911
m,983,-0.0533,13.7085,0.11913
m,984,-0.0535,13.7142,0.11915
m,985,-0.0536,13.7199,0.11917
m,986,-0.0538,13.7257,0.11919
m,987,-0.0539,13.7314,0.1192
m,988,-0.054,13.7371,0.11922
m,989,-0.0542,13.7429,0.11924
m,990,-0.0543,13.7486,0.11926
m,991,-0.0545,13.7543,0.11928
m,992,-0.0546,13.76,0.1193
m,993,-0.0548,13.7657,0.11932
m,994,-0.0549,13.7715,0.11933
m,995,-0.055,13.7772,0.11935
m,996,-0.0552,13.7829,0.11937
m,997,-0.0553,13.7886,0.11939
m,998,-0.0555,13.7943,0.11941
m,999,-0.0556,13.8,0.11943
m,1000,-0.0558,13.8057,0.11945
m,1001,-0.0559,13.8114,0.11946
m,1002,-0.056,13.8171,0.11948
m,1003,-0.0562,13.8228,0.1195
m,1004,-0.0563,13.8285,0.11952
m,1005,-0.0565,13.8341,0.11954
m,1006,-0.0566,13.8398,0.11956
m,1007,-0.0567,13.8455,0.11957
m,1008,-0.0569,13.8512,0.11959
m,1009,-0.057,13.8569,0.11961
m,1010,-0.0572,13.8625,0.11963
m,1011,-0.0573,13.8682,0.11965
m,1012,-0.0574,13.8739,0.11967
m,1013,-0.0576,13.8796,0.11968
m,1014,-0.0577,13.8852,0.1197
m,1015,-0.0579,13.8909,0.11972
m,1016,-0.058,13.8966,0.11974
m,1017,-0.0581,13.9022,0.11976
m,1018,-0.0583,13.9079,0.11978
m,1019,-0.0584,13.9135,0.11979
m,1020,-0.0586,13.9192,0.11981
m,1021,-0.0587,13.9248,0.11983
m,1022,-0.0588,13.9305,0.11985
m,1023,-0.059,13.9361,0.11987
m,1024,-0.0591,13.9418,0.11988
m,1025,-0.0593,13.9474,0.1199
m,1026,-0.0594,13.9531,0.11992
m,1027,-0.0595,13.9587,0.11994
m,1028,-0.0597,13.9644,0.11996
m,1029,-0.0598,13.97,0.11998
m,1030,-0.06,13.9756,0.11999
m,1031,-0.0601,13.9813,0.12001
m,1032,-0.0602,13.9869,0.12003
m,1033,-0.0604,13.9925,0.12005
m,1034,-0.0605,13.9982,0.12007
m,1035,-0.0607,14.0038,0.12008
m,1036,-0.0608,14.0094,0.1201
m,1037,-0.0609,14.015,0.12012
m,1038,-0.0611,14.0207,0.12014
m,1039,-0.0612,14.0263,0.12016
m,1040,-0.0613,14.0319,0.12017
m,1041,-0.0615,14.0375,0.12019
m,1042,-0.0616,14.0431,0.12021
m,1043,-0.0618,14.0488,0.12023
m,1044,-0.0619,14.0544,0.12025
m,1045,-0.062,14.06,0.12026
m,1046,-0.0622,14.0656,0.12028
m,1047,-0.0623,14.0712,0.1203
m,1048,-0.0624,14.0768,0.12032
m,1049,-0.0626,14.0824,0.12033
m,1050,-0.0627,14.088,0.12035
m,1051,-0.0629,14.0936,0.12037
m,1052,-0.063,14.0992,0.12039
m,1053,-0.0631,14.1048,0.12041
m,1054,-0.0633,14.1104,0.12042
m,1055,-0.0634,14.116,0.12044
m,1056,-0.0635,14.1216,0.12046
m,1057,-0.0637,14.1272,0.12048
m,1058,-0.0638,14.1328,0.1205
m,1059,-0.0639,14.1384,0.12051
m,1060,-0.0641,14.144,0.12053
m,1061,-0.0642,14.1495,0.12055
m,1062,-0.0644,14.1551,0.12057
m,1063,-0.0645,14.1607,0.12058
m,1064,-0.0646,14.1663,0.1206
m,1065,-0.0648,14.1719,0.12062
m,1066,-0.0649,14.1775,0.12064
m,1067,-0.065,14.183,0.12065
m,1068,-0.0652,14.1886,0.12067
m,1069,-0.0653,14.1942,0.12069
m,1070,-0.0654,14.1998,0.12071
m,1071,-0.0656,14.2053,0.12073
m,1072,-0.0657,14.2109,0.12074
m,1073,-0.0658,14.2165,0.12076
m,1074,-0.066,14.2221,0.12078
m,1075,-0.0661,14.2276,0.1208
m,1076,-0.0663,14.2332,0.12081
m,1077,-0.0664,14.2388,0.12083
m,1078,-0.0665,14.2443,0.12085
m,1079,-0.0667,14.2499,0.12087
m,1080,-0.0668,14.2554,0.12088
m,1081,-0.0669,14.261,0.1209
m,1082,-0.0671,14.2666,0.12092
m,1083,-0.0672,14.2721,0.12094
m,1084,-0.0673,14.2777,0.12095
m,1085,-0.0675,14.2832,0.12097
m,1086,-0.0676,14.2888,0.12099
m,1087,-0.0677,14.2944,0.12101
m,1088,-0.0679,14.2999,0.12102
m,1089,-0.068,14.3055,0.12104
m,1090,-0.0681,14.311,0.12106
m,1091,-0.0683,14.3166,0.12108
m,1092,-0.0684,14.3221,0.12109
m,1093,-0.0685,14.3277,0.12111
m,1094,-0.0687,14.3332,0.12113
m,1095,-0.0688,14.3387,0.12115
m,1096,-0.0689,14.3443,0.12116
m,1097,-0.0691,14.3498,0.12118
m,1098,-0.0692,14.3554,0.1212
m,1099,-0.0693,14.3609,0.12121
m,1100,-0.0695,14.3665,0.12123
m,1101,-0.0696,14.372,0.12125
m,1102,-0.0697,14.3775,0.12127
m,1103,-0.0699,14.3831,0.12128
m,1104,-0.07,14.3886,0.1213
m,1105,-0.0701,14.3942,0.12132
m,1106,-0.0703,14.3997,0.12134
m,1107,-0.0704,14.4052,0.12135
m,1108,-0.0705,14.4108,0.12137
m,1109,-0.0707,14.4163,0.12139
m,1110,-0.0708,14.4218,0.12141
m,1111,-0.0709,14.4274,0.12142
m,1112,-0.0711,14.4329,0.12144
m,1113,-0.0712,14.4384,0.12146
m,1114,-0.0713,14.4439,0.12147
m,1115,-0.0715,14.4495,0.12149
m,1116,-0.0716,14.455,0.12151
m,1117,-0.0717,14.4605,0.12153
m,1118,-0.0718,14.4661,0.12154
m,1119,-0.072,14.4716,0.12156
m,1120,-0.0721,14.4771,0.12158
m,1121,-0.0722,14.4826,0.12159
m,1122,-0.0724,14.4881,0.12161
m,1123,-0.0725,14.4937,0.12163
m,1124,-0.0726,14.4992,0.12165
m,1125,-0.0728,14.5047,0.12166
m,1126,-0.0729,14.5102,0.12168
m,1127,-0.073,14.5158,0.1217
m,1128,-0.0732,14.5213,0.12171
m,1129,-0.0733,14.5268,0.12173
m,1130,-0.0734,14.5323,0.12175
m,1131,-0.0736,14.5378,0.12177
m,1132,-0.0737,14.5433,0.12178
m,1133,-0.0738,14.5489,0.1218
m,1134,-0.0739,14.5544,0.12182
m,1135,-0.0741,14.5599,0.12183
m,1136,-0.0742,14.5654,0.12185
m,1137,-0.0743,14.5709,0.12187
m,1138,-0.0745,14.5764,0.12189
m,1139,-0.0746,14.5819,0.1219
m,1140,-0.0747,14.5875,0.12192
m,1141,-0.0749,14.593,0.12194
m,1142,-0.075,14.5985,0.12195
m,1143,-0.0751,14.604,0.12197
m,1144,-0.0752,14.6095,0.12199
m,1145,-0.0754,14.615,0.122
m,1146,-0.0755,14.6205,0.12202
m,1147,-0.0756,14.626,0.12204
m,1148,-0.0758,14.6315,0.12206
m,1149,-0.0759,14.6371,0.12207
m,1150,-0.076,14.6426,0.12209
m,1151,-0.0762,14.6481,0.12211
m,1152,-0.0763,14.6536,0.12212
m,1153,-0.0764,14.6591,0.12214
m,1154,-0.0765,14.6646,0.12216
m,1155,-0.0767,14.6701,0.12217
m,1156,-0.0768,14.6756,0.12219
m,1157,-0.0769,14.6811,0.12221
m,1158,-0.0771,14.6866,0.12222
m,1159,-0.0772,14.6921,0.12224
m,1160,-0.0773,14.6976,0.12226
m,1161,-0.0774,14.7032,0.12228
m,1162,-0.0776,14.7087,0.12229
m,1163,-0.0777,14.7142,0.12231
m,1164,-0.0778,14.7197,0.12233
m,1165,-0.078,14.7252,0.12234
m,1166,-0.0781,14.7307,0.12236
m,1167,-0.0782,14.7362,0.12238
m,1168,-0.0783,14.7417,0.12239
m,1169,-0.0785,14.7472,0.12241
m,1170,-0.0786,14.7527,0.12243
m,1171,-0.0787,14.7582,0.12244
m,1172,-0.0788,14.7637,0.12246
m,1173,-0.079,14.7692,0.12248
m,1174,-0.0791,14.7747,0.12249
m,1175,-0.0792,14.7802,0.12251
m,1176,-0.0794,14.7857,0.12253
m,1177,-0.0795,14.7912,0.12254
m,1178,-0.0796,14.7967,0.12256
m,1179,-0.0797,14.8022,0.12258
m,1180,-0.0799,14.8077,0.12259
m,1181,-0.08,14.8132,0.12261
m,1182,-0.0801,14.8187,0.12263
m,1183,-0.0802,14.8242,0.12265
m,1184,-0.0804,14.8297,0.12266
m,1185,-0.0805,14.8352,0.12268
m,1186,-0.0806,14.8407,0.1227
m,1187,-0.0808,14.8462,0.12271
m,1188,-0.0809,14.8517,0.12273
m,1189,-0.081,14.8572,0.12275
m,1190,-0.0811,14.8627,0.12276
m,1191,-0.0813,14.8682,0.12278
m,1192,-0.0814,14.8737,0.1228
m,1193,-0.0815,14.8792,0.12281
m,1194,-0.0816,14.8847,0.12283
m,1195,-0.0818,14.8902,0.12285
m,1196,-0.0819,14.8957,0.12286
m,1197,-0.082,14.9012,0.12288
m,1198,-0.0821,14.9067,0.1229
m,1199,-0.0823,14.9122,0.12291
m,1200,-0.0824,14.9177,0.12293
m,1201,-0.0825,14.9232,0.12295
m,1202,-0.0826,14.9287,0.12296
m,1203,-0.0828,14.9342,0.12298
m,1204,-0.0829,14.9397,0.123
m,1205,-0.083,14.9452,0.12301
m,1206,-0.0831,14.9507,0.12303
m,1207,-0.0833,14.9562,0.12305
m,1208,-0.0834,14.9617,0.12306
m,1209,-0.0835,14.9672,0.12308
m,1210,-0.0836,14.9727,0.1231
m,1211,-0.0838,14.9782,0.12311
m,1212,-0.0839,14.9837,0.12313
m,1213,-0.084,14.9892,0.12315
m,1214,-0.0841,14.9947,0.12316
m,1215,-0.0843,15.0002,0.12318
m,1216,-0.0844,15.0057,0.1232
m,1217,-0.0845,15.0112,0.12321
m,1218,-0.0846,15.0167,0.12323
m,1219,-0.0848,15.0222,0.12325
m,1220,-0.0849,15.0277,0.12326
m,1221,-0.085,15.0332,0.12328
m,1222,-0.0851,15.0387,0.1233
m,1223,-0.0853,15.0442,0.12331
m,1224,-0.0854,15.0497,0.12333
m,1225,-0.0855,15.0552,0.12335
m,1226,-0.0856,15.0607,0.12336
m,1227,-0.0858,15.0662,0.12338
m,1228,-0.0859,15.0717,0.1234
m,1229,-0.086,15.0772,0.12342
m,1230,-0.0861,15.0827,0.12343
m,1231,-0.0863,15.0882,0.12345
m,1232,-0.0864,15.0937,0.12347
m,1233,-0.0865,15.0992,0.12348
m,1234,-0.0866,15.1047,0.1235
m,1235,-0.0868,15.1102,0.12352
m,1236,-0.0869,15.1157,0.12353
m,1237,-0.087,15.1212,0.12355
m,1238,-0.0871,15.1267,0.12357
m,1239,-0.0872,15.1322,0.12358
m,1240,-0.0874,15.1377,0.1236
m,1241,-0.0875,15.1432,0.12362
m,1242,-0.0876,15.1487,0.12363
m,1243,-0.0877,15.1542,0.12365
m,1244,-0.0879,15.1596,0.12367
m,1245,-0.088,15.1651,0.12368
m,1246,-0.0881,15.1706,0.1237
m,1247,-0.0882,15.1761,0.12372
m,1248,-0.0883,15.1816,0.12373
m,1249,-0.0885,15.1871,0.12375
m,1250,-0.0886,15.1926,0.12377
m,1251,-0.0887,15.1981,0.12379
m,1252,-0.0888,15.2036,0.1238
m,1253,-0.089,15.2091,0.12382
m,1254,-0.0891,15.2146,0.12384
m,1255,-0.0892,15.2201,0.12385
m,1256,-0.0893,15.2256,0.12387
m,1257,-0.0894,15.2311,0.12389
m,1258,-0.0896,15.2366,0.1239
m,1259,-0.0897,15.2421,0.12392
m,1260,-0.0898,15.2476,0.12394
m,1261,-0.0899,15.2531,0.12395
m,1262,-0.0901,15.2586,0.12397
m,1263,-0.0902,15.2641,0.12399
m,1264,-0.0903,15.2696,0.12401
m,1265,-0.0904,15.2751,0.12402
m,1266,-0.0905,15.2806,0.12404
m,1267,-0.0907,15.2861,0.12406
m,1268,-0.0908,15.2916,0.12407
m,1269,-0.0909,15.2971,0.12409
m,1270,-0.091,15.3026,0.12411
m,1271,-0.0912,15.3081,0.12412
m,1272,-0.0913,15.3135,0.12414
m,1273,-0.0914,15.319,0.12416
m,1274,-0.0915,15.3245,0.12418
m,1275,-0.0916,15.33,0.12419
m,1276,-0.0918,15.3355,0.12421
m,1277,-0.0919,15.341,0.12423
m,1278,-0.092,15.3465,0.12424
m,1279,-0.0921,15.352,0.12426
m,1280,-0.0922,15.3575,0.12428
m,1281,-0.0924,15.363,0.1243
m,1282,-0.0925,15.3685,0.12431
m,1283,-0.0926,15.374,0.12433
m,1284,-0.0927,15.3795,0.12435
m,1285,-0.0928,15.385,0.12436
m,1286,-0.093,15.3905,0.12438
m,1287,-0.0931,15.396,0.1244
m,1288,-0.0932,15.4015,0.12442
m,1289,-0.0933,15.407,0.12443
m,1290,-0.0934,15.4125,0.12445
m,1291,-0.0936,15.4179,0.12447
m,1292,-0.0937,15.4234,0.12448
m,1293,-0.0938,15.4289,0.1245
m,1294,-0.0939,15.4344,0.12452
m,1295,-0.094,15.4399,0.12454
m,1296,-0.0942,15.4454,0.12455
m,1297,-0.0943,15.4509,0.12457
m,1298,-0.0944,15.4564,0.12459
m,1299,-0.0945,15.4619,0.12461
m,1300,-0.0946,15.4674,0.12462
m,1301,-0.0948,15.4729,0.12464
m,1302,-0.0949,15.4784,0.12466
m,1303,-0.095,15.4839,0.12467
m,1304,-0.0951,15.4894,0.12469
m,1305,-0.0952,15.4948,0.12471
m,1306,-0.0954,15.5003,0.12473
m,1307,-0.0955,15.5058,0.12474
m,1308,-0.0956,15.5113,0.12476
m,1309,-0.0957,15.5168,0.12478
m,1310,-0.0958,15.5223,0.1248
m,1311,-0.0959,15.5278,0.12481
m,1312,-0.0961,15.5333,0.12483
m,1313,-0.0962,15.5388,0.12485
m,1314,-0.0963,15.5443,0.12487
m,1315,-0.0964,15.5498,0.12488
m,1316,-0.0965,15.5552,0.1249
m,1317,-0.0967,15.5607,0.12492
m,1318,-0.0968,15.5662,0.12494
m,1319,-0.0969,15.5717,0.12495
m,1320,-0.097,15.5772,0.12497
m,1321,-0.0971,15.5827,0.12499
m,1322,-0.0972,15.5882,0.12501
m,1323,-0.0974,15.5937,0.12502
m,1324,-0.0975,15.5992,0.12504
m,1325,-0.0976,15.6047,0.12506
m,1326,-0.0977,15.6101,0.12508
m,1327,-0.0978,15.6156,0.1251
m,1328,-0.098,15.6211,0.12511
m,1329,-0.0981,15.6266,0.12513
m,1330,-0.0982,15.6321,0.12515
m,1331,-0.0983,15.6376,0.12517
m,1332,-0.0984,15.6431,0.12518
m,1333,-0.0985,15.6486,0.1252
m,1334,-0.0987,15.654,0.12522
m,1335,-0.0988,15.6595,0.12524
m,1336,-0.0989,15.665,0.12526
m,1337,-0.099,15.6705,0.12527
m,1338,-0.0991,15.676,0.12529
m,1339,-0.0992,15.6815,0.12531
m,1340,-0.0994,15.687,0.12533
m,1341,-0.0995,15.6924,0.12534
m,1342,-0.0996,15.6979,0.12536
m,1343,-0.0997,15.7034,0.12538
m,1344,-0.0998,15.7089,0.1254
m,1345,-0.0999,15.7144,0.12542
m,1346,-0.1001,15.7199,0.12543
m,1347,-0.1002,15.7253,0.12545
m,1348,-0.1003,15.7308,0.12547
m,1349,-0.1004,15.7363,0.12549
m,1350,-0.1005,15.7418,0.12551
m,1351,-0.1006,15.7473,0.12552
m,1352,-0.1008,15.7528,0.12554
m,1353,-0.1009,15.7582,0.12556
m,1354,-0.101,15.7637,0.12558
m,1355,-0.1011,15.7692,0.1256
m,1356,-0.1012,15.7747,0.12561
m,1357,-0.1013,15.7802,0.12563
m,1358,-0.1015,15.7856,0.12565
m,1359,-0.1016,15.7911,0.12567
m,1360,-0.1017,15.7966,0.12569
m,1361,-0.1018,15.8021,0.1257
m,1362,-0.1019,15.8076,0.12572
m,1363,-0.102,15.813,0.12574
m,1364,-0.1022,15.8185,0.12576
m,1365,-0.1023,15.824,0.12578
m,1366,-0.1024,15.8295,0.1258
m,1367,-0.1025,15.835,0.12581
m,1368,-0.1026,15.8404,0.12583
m,1369,-0.1027,15.8459,0.12585
m,1370,-0.1028,15.8514,0.12587
m,1371,-0.103,15.8569,0.12589
m,1372,-0.1031,15.8623,0.12591
m,1373,-0.1032,15.8678,0.12592
m,1374,-0.1033,15.8733,0.12594
m,1375,-0.1034,15.8788,0.12596
m,1376,-0.1035,15.8842,0.12598
m,1377,-0.1037,15.8897,0.126
m,1378,-0.1038,15.8952,0.12602
m,1379,-0.1039,15.9007,0.12603
m,1380,-0.104,15.9061,0.12605
m,1381,-0.1041,15.9116,0.12607
m,1382,-0.1042,15.9171,0.12609
m,1383,-0.1043,15.9226,0.12611
m,1384,-0.1045,15.928,0.12613
m,1385,-0.1046,15.9335,0.12615
m,1386,-0.1047,15.939,0.12616
m,1387,-0.1048,15.9445,0.12618
m,1388,-0.1049,15.9499,0.1262
m,1389,-0.105,15.9554,0.12622
m,1390,-0.1051,15.9609,0.12624
m,1391,-0.1053,15.9664,0.12626
m,1392,-0.1054,15.9718,0.12627
m,1393,-0.1055,15.9773,0.12629
m,1394,-0.1056,15.9828,0.12631
m,1395,-0.1057,15.9882,0.12633
m,1396,-0.1058,15.9937,0.12635
m,1397,-0.1059,15.9992,0.12637
m,1398,-0.1061,16.0047,0.12639
m,1399,-0.1062,16.0101,0.12641
m,1400,-0.1063,16.0156,0.12642
m,1401,-0.1064,16.0211,0.12644
m,1402,-0.1065,16.0265,0.12646
m,1403,-0.1066,16.032,0.12648
m,1404,-0.1067,16.0375,0.1265
m,1405,-0.1068,16.043,0.12652
m,1406,-0.107,16.0484,0.12654
m,1407,-0.1071,16.0539,0.12656
m,1408,-0.1072,16.0594,0.12657
m,1409,-0.1073,16.0648,0.12659
m,1410,-0.1074,16.0703,0.12661
m,1411,-0.1075,16.0758,0.12663
m,1412,-0.1076,16.0812,0.12665
m,1413,-0.1078,16.0867,0.12667
m,1414,-0.1079,16.0922,0.12669
m,1415,-0.108,16.0976,0.12671
m,1416,-0.1081,16.1031,0.12673
m,1417,-0.1082,16.1086,0.12674
m,1418,-0.1083,16.114,0.12676
m,1419,-0.1084,16.1195,0.12678
m,1420,-0.1085,16.125,0.1268
m,1421,-0.1087,16.1304,0.12682
m,1422,-0.1088,16.1359,0.12684
m,1423,-0.1089,16.1414,0.12686
m,1424,-0.109,16.1468,0.12688
m,1425,-0.1091,16.1523,0.1269
m,1426,-0.1092,16.1578,0.12692
m,1427,-0.1093,16.1632,0.12693
m,1428,-0.1094,16.1687,0.12695
m,1429,-0.1096,16.1742,0.12697
m,1430,-0.1097,16.1796,0.12699
m,1431,-0.1098,16.1851,0.12701
m,1432,-0.1099,16.1906,0.12703
m,1433,-0.11,16.196,0.12705
m,1434,-0.1101,16.2015,0.12707
m,1435,-0.1102,16.2069,0.12709
m,1436,-0.1103,16.2124,0.12711
m,1437,-0.1105,16.2179,0.12713
m,1438,-0.1106,16.2233,0.12715
m,1439,-0.1107,16.2288,0.12717
m,1440,-0.1108,16.2343,0.12718
m,1441,-0.1109,16.2397,0.1272
m,1442,-0.111,16.2452,0.12722
m,1443,-0.1111,16.2506,0.12724
m,1444,-0.1112,16.2561,0.12726
m,1445,-0.1113,16.2616,0.12728
m,1446,-0.1115,16.267,0.1273
m,1447,-0.1116,16.2725,0.12732
m,1448,-0.1117,16.2779,0.12734
m,1449,-0.1118,16.2834,0.12736
m,1450,-0.1119,16.2889,0.12738
m,1451,-0.112,16.2943,0.1274
m,1452,-0.1121,16.2998,0.12742
m,1453,-0.1122,16.3053,0.12744
m,1454,-0.1123,16.3107,0.12746
m,1455,-0.1125,16.3162,0.12747
m,1456,-0.1126,16.3216,0.12749
m,1457,-0.1127,16.3271,0.12751
m,1458,-0.1128,16.3325,0.12753
m,1459,-0.1129,16.338,0.12755
m,1460,-0.113,16.3435,0.12757
m,1461,-0.1131,16.3489,0.12759
m,1462,-0.1132,16.3544,0.12761
m,1463,-0.1133,16.3598,0.12763
m,1464,-0.1134,16.3653,0.12765
m,1465,-0.1136,16.3708,0.12767
m,1466,-0.1137,16.3762,0.12769
m,1467,-0.1138,16.3817,0.12771
m,1468,-0.1139,16.3871,0.12773
m,1469,-0.114,16.3926,0.12775
m,1470,-0.1141,16.3981,0.12777
m,1471,-0.1142,16.4035,0.12779
m,1472,-0.1143,16.409,0.12781
m,1473,-0.1144,16.4144,0.12783
m,1474,-0.1146,16.4199,0.12785
m,1475,-0.1147,16.4253,0.12787
m,1476,-0.1148,16.4308,0.12789
m,1477,-0.1149,16.4363,0.12791
m,1478,-0.115,16.4417,0.12793
m,1479,-0.1151,16.4472,0.12795
m,1480,-0.1152,16.4526,0.12797
m,1481,-0.1153,16.4581,0.12799
m,1482,-0.1154,16.4635,0.12801
m,1483,-0.1155,16.469,0.12803
m,1484,-0.1156,16.4745,0.12804
m,1485,-0.1158,16.4799,0.12806
m,1486,-0.1159,16.4854,0.12808
m,1487,-0.116,16.4908,0.1281
m,1488,-0.1161,16.4963,0.12812
m,1489,-0.1162,16.5017,0.12814
m,1490,-0.1163,16.5072,0.12816
m,1491,-0.1164,16.5126,0.12818
m,1492,-0.1165,16.5181,0.1282
m,1493,-0.1166,16.5236,0.12822
m,1494,-0.1167,16.529,0.12824
m,1495,-0.1168,16.5345,0.12826
m,1496,-0.117,16.5399,0.12828
m,1497,-0.1171,16.5454,0.1283
m,1498,-0.1172,16.5508,0.12832
m,1499,-0.1173,16.5563,0.12834
m,1500,-0.1174,16.5618,0.12836
m,1501,-0.1175,16.5672,0.12838
m,1502,-0.1176,16.5727,0.1284
m,1503,-0.1177,16.5781,0.12842
m,1504,-0.1178,16.5836,0.12844
m,1505,-0.1179,16.589,0.12846
m,1506,-0.118,16.5945,0.12848
m,1507,-0.1182,16.5999,0.1285
m,1508,-0.1183,16.6054,0.12852
m,1509,-0.1184,16.6109,0.12854
m,1510,-0.1185,16.6163,0.12856
m,1511,-0.1186,16.6218,0.12858
m,1512,-0.1187,16.6272,0.1286
m,1513,-0.1188,16.6327,0.12863
m,1514,-0.1189,16.6381,0.12865
m,1515,-0.119,16.6436,0.12867
m,1516,-0.1191,16.649,0.12869
m,1517,-0.1192,16.6545,0.12871
m,1518,-0.1193,16.6599,0.12873
m,1519,-0.1195,16.6654,0.12875
m,1520,-0.1196,16.6709,0.12877
m,1521,-0.1197,16.6763,0.12879
m,1522,-0.1198,16.6818,0.12881
m,1523,-0.1199,16.6872,0.12883
m,1524,-0.12,16.6927,0.12885
m,1525,-0.1201,16.6981,0.12887
m,1526,-0.1202,16.7036,0.12889
m,1527,-0.1203,16.709,0.12891
m,1528,-0.1204,16.7145,0.12893
m,1529,-0.1205,16.72,0.12895
m,1530,-0.1206,16.7254,0.12897
m,1531,-0.1207,16.7309,0.12899
m,1532,-0.1208,16.7363,0.12901
m,1533,-0.121,16.7418,0.12903
m,1534,-0.1211,16.7472,0.12905
m,1535,-0.1212,16.7527,0.12907
m,1536,-0.1213,16.7581,0.12909
m,1537,-0.1214,16.7636,0.12911
m,1538,-0.1215,16.769,0.12913
m,1539,-0.1216,16.7745,0.12915
m,1540,-0.1217,16.78,0.12917
m,1541,-0.1218,16.7854,0.12919
m,1542,-0.1219,16.7909,0.12921
m,1543,-0.122,16.7963,0.12923
m,1544,-0.1221,16.8018,0.12925
m,1545,-0.1222,16.8072,0.12928
m,1546,-0.1223,16.8127,0.1293
m,1547,-0.1225,16.8181,0.12932
m,1548,-0.1226,16.8236,0.12934
m,1549,-0.1227,16.829,0.12936
m,1550,-0.1228,16.8345,0.12938
m,1551,-0.1229,16.84,0.1294
m,1552,-0.123,16.8454,0.12942
m,1553,-0.1231,16.8509,0.12944
m,1554,-0.1232,16.8563,0.12946
m,1555,-0.1233,16.8618,0.12948
m,1556,-0.1234,16.8672,0.1295
m,1557,-0.1235,16.8727,0.12952
m,1558,-0.1236,16.8781,0.12954
m,1559,-0.1237,16.8836,0.12956
m,1560,-0.1238,16.8891,0.12958
m,1561,-0.1239,16.8945,0.1296
m,1562,-0.124,16.9,0.12962
m,1563,-0.1242,16.9054,0.12965
m,1564,-0.1243,16.9109,0.12967
m,1565,-0.1244,16.9163,0.12969
m,1566,-0.1245,16.9218,0.12971
m,1567,-0.1246,16.9272,0.12973
m,1568,-0.1247,16.9327,0.12975
m,1569,-0.1248,16.9382,0.12977
m,1570,-0.1249,16.9436,0.12979
m,1571,-0.125,16.9491,0.12981
m,1572,-0.1251,16.9545,0.12983
m,1573,-0.1252,16.96,0.12985
m,1574,-0.1253,16.9654,0.12987
m,1575,-0.1254,16.9709,0.12989
m,1576,-0.1255,16.9763,0.12991
m,1577,-0.1256,16.9818,0.12993
m,1578,-0.1257,16.9873,0.12996
m,1579,-0.1258,16.9927,0.12998
m,1580,-0.1259,16.9982,0.13
m,1581,-0.126,17.0036,0.13002
m,1582,-0.1262,17.0091,0.13004
m,1583,-0.1263,17.0145,0.13006
m,1584,-0.1264,17.02,0.13008
m,1585,-0.1265,17.0255,0.1301
m,1586,-0.1266,17.0309,0.13012
m,1587,-0.1267,17.0364,0.13014
m,1588,-0.1268,17.0418,0.13016
m,1589,-0.1269,17.0473,0.13018
m,1590,-0.127,17.0527,0.1302
m,1591,-0.1271,17.0582,0.13023
m,1592,-0.1272,17.0636,0.13025
m,1593,-0.1273,17.0691,0.13027
m,1594,-0.1274,17.0746,0.13029
m,1595,-0.1275,17.08,0.13031
m,1596,-0.1276,17.0855,0.13033
m,1597,-0.1277,17.0909,0.13035
m,1598,-0.1278,17.0964,0.13037
m,1599,-0.1279,17.1018,0.13039
m,1600,-0.128,17.1073,0.13041
m,1601,-0.1281,17.1127,0.13043
m,1602,-0.1282,17.1182,0.13045
m,1603,-0.1283,17.1237,0.13047
m,1604,-0.1285,17.1291,0.1305
m,1605,-0.1286,17.1346,0.13052
m,1606,-0.1287,17.14,0.13054
m,1607,-0.1288,17.1455,0.13056
m,1608,-0.1289,17.1509,0.13058
m,1609,-0.129,17.1564,0.1306
m,1610,-0.1291,17.1618,0.13062
m,1611,-0.1292,17.1673,0.13064
m,1612,-0.1293,17.1728,0.13066
m,1613,-0.1294,17.1782,0.13068
m,1614,-0.1295,17.1837,0.1307
m,1615,-0.1296,17.1891,0.13073
m,1616,-0.1297,17.1946,0.13075
m,1617,-0.1298,17.2,0.13077
m,1618,-0.1299,17.2055,0.13079
m,1619,-0.13,17.2109,0.13081
m,1620,-0.1301,17.2164,0.13083
m,1621,-0.1302,17.2218,0.13085
m,1622,-0.1303,17.2273,0.13087
m,1623,-0.1304,17.2328,0.13089
m,1624,-0.1305,17.2382,0.13091
m,1625,-0.1306,17.2437,0.13093
m,1626,-0.1307,17.2491,0.13096
m,1627,-0.1308,17.2546,0.13098
m,1628,-0.1309,17.26,0.131
m,1629,-0.131,17.2655,0.13102
m,1630,-0.1311,17.2709,0.13104
m,1631,-0.1312,17.2764,0.13106
m,1632,-0.1314,17.2818,0.13108
m,1633,-0.1315,17.2873,0.1311
m,1634,-0.1316,17.2927,0.13112
m,1635,-0.1317,17.2982,0.13114
m,1636,-0.1318,17.3037,0.13117
m,1637,-0.1319,17.3091,0.13119
m,1638,-0.132,17.3146,0.13121
m,1639,-0.1321,17.32,0.13123
m,1640,-0.1322,17.3255,0.13125
m,1641,-0.1323,17.3309,0.13127
m,1642,-0.1324,17.3364,0.13129
m,1643,-0.1325,17.3418,0.13131
m,1644,-0.1326,17.3473,0.13133
m,1645,-0.1327,17.3527,0.13135
m,1646,-0.1328,17.3582,0.13137
m,1647,-0.1329,17.3636,0.1314
m,1648,-0.133,17.3691,0.13142
m,1649,-0.1331,17.3745,0.13144
m,1650,-0.1332,17.38,0.13146
m,1651,-0.1333,17.3854,0.13148
m,1652,-0.1334,17.3909,0.1315
m,1653,-0.1335,17.3963,0.13152
m,1654,-0.1336,17.4018,0.13154
m,1655,-0.1337,17.4072,0.13156
m,1656,-0.1338,17.4127,0.13159
m,1657,-0.1339,17.4181,0.13161
m,1658,-0.134,17.4236,0.13163
m,1659,-0.1341,17.429,0.13165
m,1660,-0.1342,17.4345,0.13167
m,1661,-0.1343,17.4399,0.13169
m,1662,-0.1344,17.4454,0.13171
m,1663,-0.1345,17.4508,0.13173
m,1664,-0.1346,17.4563,0.13175
m,1665,-0.1347,17.4617,0.13177
m,1666,-0.1348,17.4672,0.1318
m,1667,-0.1349,17.4726,0.13182
m,1668,-0.135,17.4781,0.13184
m,1669,-0.1351,17.4835,0.13186
m,1670,-0.1352,17.489,0.13188
m,1671,-0.1353,17.4944,0.1319
m,1672,-0.1354,17.4999,0.13192
m,1673,-0.1355,17.5053,0.13194
m,1674,-0.1356,17.5107,0.13196
m,1675,-0.1357,17.5162,0.13199
m,1676,-0.1358,17.5216,0.13201
m,1677,-0.1359,17.5271,0.13203
m,1678,-0.136,17.5325,0.13205
m,1679,-0.1361,17.538,0.13207
m,1680,-0.1362,17.5434,0.13209
m,1681,-0.1363,17.5489,0.13211
m,1682,-0.1364,17.5543,0.13213
m,1683,-0.1365,17.5598,0.13215
m,1684,-0.1366,17.5652,0.13218
m,1685,-0.1367,17.5706,0.1322
m,1686,-0.1368,17.5761,0.13222
m,1687,-0.1369,17.5815,0.13224
m,1688,-0.137,17.587,0.13226
m,1689,-0.1371,17.5924,0.13228
m,1690,-0.1373,17.5979,0.1323
m,1691,-0.1374,17.6033,0.13232
m,1692,-0.1375,17.6087,0.13234
m,1693,-0.1376,17.6142,0.13237
m,1694,-0.1377,17.6196,0.13239
m,1695,-0.1378,17.6251,0.13241
m,1696,-0.1379,17.6305,0.13243
m,1697,-0.138,17.636,0.13245
m,1698,-0.1381,17.6414,0.13247
m,1699,-0.1382,17.6468,0.13249
m,1700,-0.1383,17.6523,0.13251
m,1701,-0.1384,17.6577,0.13253
m,1702,-0.1385,17.6632,0.13256
m,1703,-0.1386,17.6686,0.13258
m,1704,-0.1387,17.674,0.1326
m,1705,-0.1388,17.6795,0.13262
m,1706,-0.1389,17.6849,0.13264
m,1707,-0.139,17.6904,0.13266
m,1708,-0.1391,17.6958,0.13268
m,1709,-0.1392,17.7012,0.1327
m,1710,-0.1393,17.7067,0.13272
m,1711,-0.1394,17.7121,0.13275
m,1712,-0.1395,17.7175,0.13277
m,1713,-0.1396,17.723,0.13279
m,1714,-0.1397,17.7284,0.13281
m,1715,-0.1398,17.7339,0.13283
m,1716,-0.1399,17.7393,0.13285
m,1717,-0.14,17.7447,0.13287
m,1718,-0.1401,17.7502,0.13289
m,1719,-0.1402,17.7556,0.13291
m,1720,-0.1403,17.761,0.13294
m,1721,-0.1404,17.7665,0.13296
m,1722,-0.1404,17.7719,0.13298
m,1723,-0.1405,17.7773,0.133
m,1724,-0.1406,17.7828,0.13302
m,1725,-0.1407,17.7882,0.13304
m,1726,-0.1408,17.7936,0.13306
m,1727,-0.1409,17.7991,0.13308
m,1728,-0.141,17.8045,0.1331
m,1729,-0.1411,17.8099,0.13313
m,1730,-0.1412,17.8154,0.13315
m,1731,-0.1413,17.8208,0.13317
m,1732,-0.1414,17.8262,0.13319
m,1733,-0.1415,17.8317,0.13321
m,1734,-0.1416,17.8371,0.13323
m,1735,-0.1417,17.8425,0.13325
m,1736,-0.1418,17.848,0.13327
m,1737,-0.1419,17.8534,0.13329
m,1738,-0.142,17.8588,0.13332
m,1739,-0.1421,17.8642,0.13334
m,1740,-0.1422,17.8697,0.13336
m,1741,-0.1423,17.8751,0.13338
m,1742,-0.1424,17.8805,0.1334
m,1743,-0.1425,17.886,0.13342
m,1744,-0.1426,17.8914,0.13344
m,1745,-0.1427,17.8968,0.13346
m,1746,-0.1428,17.9022,0.13348
m,1747,-0.1429,17.9077,0.13351
m,1748,-0.143,17.9131,0.13353
m,1749,-0.1431,17.9185,0.13355
m,1750,-0.1432,17.924,0.13357
m,1751,-0.1433,17.9294,0.13359
m,1752,-0.1434,17.9348,0.13361
m,1753,-0.1435,17.9402,0.13363
m,1754,-0.1436,17.9457,0.13365
m,1755,-0.1437,17.9511,0.13367
m,1756,-0.1438,17.9565,0.1337
m,1757,-0.1439,17.9619,0.13372
m,1758,-0.144,17.9674,0.13374
m,1759,-0.1441,17.9728,0.13376
m,1760,-0.1442,17.9782,0.13378
m,1761,-0.1443,17.9836,0.1338
m,1762,-0.1444,17.989,0.13382
m,1763,-0.1445,17.9945,0.13384
m,1764,-0.1446,17.9999,0.13386
m,1765,-0.1447,18.0053,0.13389
m,1766,-0.1448,18.0107,0.13391
m,1767,-0.1449,18.0162,0.13393
m,1768,-0.145,18.0216,0.13395
m,1769,-0.1451,18.027,0.13397
m,1770,-0.1452,18.0324,0.13399
m,1771,-0.1453,18.0378,0.13401
m,1772,-0.1454,18.0432,0.13403
m,1773,-0.1455,18.0487,0.13405
m,1774,-0.1456,18.0541,0.13408
m,1775,-0.1457,18.0595,0.1341
m,1776,-0.1458,18.0649,0.13412
m,1777,-0.1459,18.0703,0.13414
m,1778,-0.146,18.0758,0.13416
m,1779,-0.1461,18.0812,0.13418
m,1780,-0.1462,18.0866,0.1342
m,1781,-0.1462,18.092,0.13422
m,1782,-0.1463,18.0974,0.13424
m,1783,-0.1464,18.1028,0.13426
m,1784,-0.1465,18.1082,0.13429
m,1785,-0.1466,18.1137,0.13431
m,1786,-0.1467,18.1191,0.13433
m,1787,-0.1468,18.1245,0.13435
m,1788,-0.1469,18.1299,0.13437
m,1789,-0.147,18.1353,0.13439
m,1790,-0.1471,18.1407,0.13441
m,1791,-0.1472,18.1461,0.13443
m,1792,-0.1473,18.1515,0.13445
m,1793,-0.1474,18.157,0.13448
m,1794,-0.1475,18.1624,0.1345
m,1795,-0.1476,18.1678,0.13452
m,1796,-0.1477,18.1732,0.13454
m,1797,-0.1478,18.1786,0.13456
m,1798,-0.1479,18.184,0.13458
m,1799,-0.148,18.1894,0.1346
m,1800,-0.1481,18.1948,0.13462
m,1801,-0.1482,18.2002,0.13464
m,1802,-0.1483,18.2056,0.13466
m,1803,-0.1484,18.211,0.13469
m,1804,-0.1485,18.2164,0.13471
m,1805,-0.1486,18.2218,0.13473
m,1806,-0.1487,18.2272,0.13475
m,1807,-0.1488,18.2327,0.13477
m,1808,-0.1489,18.2381,0.13479
m,1809,-0.149,18.2435,0.13481
m,1810,-0.1491,18.2489,0.13483
m,1811,-0.1491,18.2543,0.13485
m,1812,-0.1492,18.2597,0.13487
m,1813,-0.1493,18.2651,0.1349
m,1814,-0.1494,18.2705,0.13492
m,1815,-0.1495,18.2759,0.13494
m,1816,-0.1496,18.2813,0.13496
m,1817,-0.1497,18.2867,0.13498
m,1818,-0.1498,18.2921,0.135
m,1819,-0.1499,18.2975,0.13502
m,1820,-0.15,18.3029,0.13504
m,1821,-0.1501,18.3083,0.13506
m,1822,-0.1502,18.3137,0.13508
m,1823,-0.1503,18.319,0.13511
m,1824,-0.1504,18.3244,0.13513
m,1825,-0.1505,18.3298,0.13515
m,1826,-0.1506,18.3352,0.13517
m,1827,-0.1507,18.3406,0.13519
m,1828,-0.1508,18.346,0.13521
m,1829,-0.1509,18.3514,0.13523
m,1830,-0.151,18.3568,0.13525
m,1831,-0.1511,18.3622,0.13527
m,1832,-0.1512,18.3676,0.13529
m,1833,-0.1513,18.373,0.13531
m,1834,-0.1514,18.3784,0.13534
m,1835,-0.1514,18.3838,0.13536
m,1836,-0.1515,18.3891,0.13538
m,1837,-0.1516,18.3945,0.1354
m,1838,-0.1517,18.3999,0.13542
m,1839,-0.1518,18.4053,0.13544
m,1840,-0.1519,18.4107,0.13546
m,1841,-0.152,18.4161,0.13548
m,1842,-0.1521,18.4215,0.1355
m,1843,-0.1522,18.4268,0.13552
m,1844,-0.1523,18.4322,0.13554
m,1845,-0.1524,18.4376,0.13557
m,1846,-0.1525,18.443,0.13559
m,1847,-0.1526,18.4484,0.13561
m,1848,-0.1527,18.4538,0.13563
m,1849,-0.1528,18.4591,0.13565
m,1850,-0.1529,18.4645,0.13567
m,1851,-0.153,18.4699,0.13569
m,1852,-0.1531,18.4753,0.13571
m,1853,-0.1532,18.4807,0.13573
m,1854,-0.1533,18.486,0.13575
m,1855,-0.1533,18.4914,0.13577
m,1856,-0.1534,18.4968,0.1358
f,0,0.3809,3.2322,0.14171
f,1,0.3259,3.1957,0.14578
f,2,0.3101,3.2104,0.14637
f,3,0.2986,3.2315,0.14657
f,4,0.2891,3.2558,0.14658
f,5,0.281,3.2821,0.14646
f,6,0.2737,3.3099,0.14626
f,7,0.2671,3.3388,0.146
f,8,0.2609,3.3687,0.14569
f,9,0.2551,3.3995,0.14534
f,10,0.2497,3.4314,0.14498
f,11,0.2446,3.4643,0.14459
f,12,0.2397,3.4983,0.1442
f,13,0.2349,3.5333,0.1438
f,14,0.2304,3.5693,0.14339
f,15,0.226,3.6063,0.14299
f,16,0.2218,3.6438,0.14258
f,17,0.2177,3.6818,0.14218
f,18,0.2137,3.7201,0.14177
f,19,0.2099,3.7584,0.14138
f,20,0.2061,3.7968,0.14098
f,21,0.2024,3.8352,0.1406
f,22,0.1989,3.8735,0.14021
f,23,0.1954,3.9116,0.13984
f,24,0.1919,3.9495,0.13947
f,25,0.1886,3.9872,0.1391
f,26,0.1853,4.0247,0.13875
f,27,0.1821,4.0618,0.1384
f,28,0.1789,4.0987,0.13805
f,29,0.1758,4.1353,0.13771
f,30,0.1727,4.1716,0.13738
f,31,0.1697,4.2075,0.13706
f,32,0.1668,4.2431,0.13674
f,33,0.1638,4.2783,0.13643
f,34,0.161,4.3131,0.13613
f,35,0.1582,4.3476,0.13583
f,36,0.1554,4.3818,0.13554
f,37,0.1526,4.4155,0.13526
f,38,0.1499,4.449,0.13498
f,39,0.1473,4.482,0.1347
f,40,0.1446,4.5148,0.13444
f,41,0.142,4.5472,0.13418
f,42,0.1395,4.5793,0.13392
f,43,0.1369,4.611,0.13367
f,44,0.1344,4.6425,0.13342
f,45,0.132,4.6736,0.13318
f,46,0.1295,4.7044,0.13295
f,47,0.1271,4.7349,0.13272
f,48,0.1247,4.7651,0.1325
f,49,0.1224,4.795,0.13228
f,50,0.12,4.8245,0.13206
f,51,0.1177,4.8538,0.13185
f,52,0.1154,4.8828,0.13165
f,53,0.1132,4.9115,0.13145
f,54,0.1109,4.9399,0.13125
f,55,0.1087,4.968,0.13106
f,56,0.1065,4.9959,0.13087
f,57,0.1044,5.0235,0.13068
f,58,0.1022,5.0509,0.1305
f,59,0.1001,5.078,0.13033
f,60,0.098,5.1049,0.13015
f,61,0.0959,5.1315,0.12998
f,62,0.0938,5.158,0.12982
f,63,0.0918,5.1842,0.12966
f,64,0.0897,5.2102,0.1295
f,65,0.0877,5.236,0.12934
f,66,0.0857,5.2616,0.12919
f,67,0.0838,5.287,0.12904
f,68,0.0818,5.3121,0.12889
f,69,0.0798,5.337,0.12875
f,70,0.0779,5.3618,0.12861
f,71,0.076,5.3863,0.12847
f,72,0.0741,5.4107,0.12834
f,73,0.0722,5.4348,0.12821
f,74,0.0704,5.4587,0.12808
f,75,0.0685,5.4825,0.12795
f,76,0.0667,5.5061,0.12783
f,77,0.0648,5.5295,0.1277
f,78,0.063,5.5527,0.12758
f,79,0.0612,5.5757,0.12747
f,80,0.0595,5.5986,0.12735
f,81,0.0577,5.6213,0.12724
f,82,0.0559,5.6438,0.12713
f,83,0.0542,5.6662,0.12702
f,84,0.0525,5.6883,0.12691
f,85,0.0508,5.7104,0.12681
f,86,0.049,5.7322,0.12671
f,87,0.0474,5.7539,0.1266
f,88,0.0457,5.7755,0.12651
f,89,0.044,5.7969,0.12641
f,90,0.0424,5.8181,0.12631
f,91,0.0407,5.8393,0.12622
f,92,0.0391,5.8602,0.12613
f,93,0.0375,5.881,0.12604
f,94,0.0358,5.9017,0.12595
f,95,0.0342,5.9223,0.12586
f,96,0.0327,5.9427,0.12577
f,97,0.0311,5.9629,0.12569
f,98,0.0295,5.9831,0.12561
f,99,0.0279,6.0031,0.12553
f,100,0.0264,6.0229,0.12545
f,101,0.0249,6.0426,0.12537
f,102,0.0233,6.0622,0.12529
f,103,0.0218,6.0817,0.12522
f,104,0.0203,6.101,0.12514
f,105,0.0188,6.1202,0.12507
f,106,0.0173,6.1393,0.125
f,107,0.0158,6.1582,0.12493
f,108,0.0144,6.1771,0.12486
f,109,0.0129,6.1958,0.12479
f,110,0.0114,6.2143,0.12472
f,111,0.01,6.2328,0.12466
f,112,0.0086,6.2511,0.12459
f,113,0.0071,6.2693,0.12453
f,114,0.0057,6.2874,0.12447
f,115,0.0043,6.3054,0.12441
f,116,0.0029,6.3232,0.12435
f,117,0.0015,6.341,0.12429
f,118,0.0001,6.3586,0.12423
f,119,-0.0013,6.3761,0.12417
f,120,-0.0026,6.3935,0.12412
f,121,-0.004,6.4108,0.12406
f,122,-0.0053,6.428,0.12401
f,123,-0.0067,6.445,0.12395
f,124,-0.008,6.462,0.1239
f,125,-0.0094,6.4788,0.12385
f,126,-0.0107,6.4956,0.1238
f,127,-0.012,6.5122,0.12375
f,128,-0.0133,6.5288,0.1237
f,129,-0.0146,6.5452,0.12365
f,130,-0.0159,6.5615,0.1236
f,131,-0.0172,6.5777,0.12355
f,132,-0.0185,6.5939,0.12351
f,133,-0.0198,6.6099,0.12346
f,134,-0.021,6.6258,0.12342
f,135,-0.0223,6.6416,0.12337
f,136,-0.0235,6.6573,0.12333
f,137,-0.0248,6.6729,0.12329
f,138,-0.026,6.6884,0.12325
f,139,-0.0273,6.7039,0.12321
f,140,-0.0285,6.7192,0.12317
f,141,-0.0297,6.7344,0.12313
f,142,-0.0309,6.7495,0.12309
f,143,-0.0321,6.7646,0.12305
f,144,-0.0333,6.7795,0.12301
f,145,-0.0345,6.7944,0.12298
f,146,-0.0357,6.8091,0.12294
f,147,-0.0369,6.8238,0.12291
f,148,-0.0381,6.8384,0.12287
f,149,-0.0393,6.8529,0.12284
f,150,-0.0404,6.8673,0.12281
f,151,-0.0416,6.8816,0.12277
f,152,-0.0428,6.8959,0.12274
f,153,-0.0439,6.91,0.12271
f,154,-0.045,6.9241,0.12268
f,155,-0.0462,6.9381,0.12265
f,156,-0.0473,6.952,0.12262
f,157,-0.0484,6.9659,0.12259
f,158,-0.0496,6.9797,0.12256
f,159,-0.0507,6.9934,0.12254
f,160,-0.0518,7.007,0.12251
f,161,-0.0529,7.0205,0.12248
f,162,-0.054,7.034,0.12246
f,163,-0.0551,7.0474,0.12243
f,164,-0.0562,7.0607,0.12241
f,165,-0.0573,7.074,0.12238
f,166,-0.0583,7.0872,0.12236
f,167,-0.0594,7.1003,0.12234
f,168,-0.0605,7.1133,0.12231
f,169,-0.0615,7.1263,0.12229
f,170,-0.0626,7.1393,0.12227
f,171,-0.0637,7.1521,0.12225
f,172,-0.0647,7.1649,0.12223
f,173,-0.0658,7.1776,0.12221
f,174,-0.0668,7.1903,0.12219
f,175,-0.0678,7.2029,0.12217
f,176,-0.0689,7.2154,0.12215
f,177,-0.0699,7.2279,0.12214
f,178,-0.0709,7.2403,0.12212
f,179,-0.0719,7.2527,0.1221
f,180,-0.0729,7.265,0.12208
f,181,-0.0739,7.2772,0.12207
f,182,-0.0749,7.2894,0.12205
f,183,-0.0759,7.3016,0.12204
f,184,-0.0769,7.3136,0.12202
f,185,-0.0779,7.3256,0.12201
f,186,-0.0789,7.3376,0.122
f,187,-0.0799,7.3495,0.12198
f,188,-0.0808,7.3614,0.12197
f,189,-0.0818,7.3732,0.12196
f,190,-0.0828,7.3849,0.12195
f,191,-0.0837,7.3966,0.12194
f,192,-0.0847,7.4082,0.12192
f,193,-0.0857,7.4198,0.12191
f,194,-0.0866,7.4314,0.1219
f,195,-0.0875,7.4429,0.12189
f,196,-0.0885,7.4543,0.12188
f,197,-0.0894,7.4657,0.12188
f,198,-0.0904,7.477,0.12187
f,199,-0.0913,7.4883,0.12186
f,200,-0.0922,7.4995,0.12185
f,201,-0.0931,7.5107,0.12184
f,202,-0.094,7.5219,0.12184
f,203,-0.095,7.533,0.12183
f,204,-0.0959,7.544,0.12182
f,205,-0.0968,7.5551,0.12182
f,206,-0.0977,7.566,0.12181
f,207,-0.0986,7.5769,0.12181
f,208,-0.0995,7.5878,0.1218
f,209,-0.1003,7.5986,0.1218
f,210,-0.1012,7.6094,0.12179
f,211,-0.1021,7.6202,0.12179
f,212,-0.103,7.6309,0.12179
f,213,-0.1039,7.6416,0.12178
f,214,-0.1047,7.6522,0.12178
f,215,-0.1056,7.6628,0.12178
f,216,-0.1065,7.6733,0.12177
f,217,-0.1073,7.6838,0.12177
f,218,-0.1082,7.6943,0.12177
f,219,-0.109,7.7047,0.12177
f,220,-0.1099,7.7151,0.12177
f,221,-0.1107,7.7254,0.12177
f,222,-0.1116,7.7357,0.12177
f,223,-0.1124,7.746,0.12176
f,224,-0.1132,7.7562,0.12176
f,225,-0.1141,7.7664,0.12176
f,226,-0.1149,7.7766,0.12176
f,227,-0.1157,7.7867,0.12177
f,228,-0.1165,7.7968,0.12177
f,229,-0.1173,7.8068,0.12177
f,230,-0.1181,7.8169,0.12177
f,231,-0.119,7.8268,0.12177
f,232,-0.1198,7.8368,0.12177
f,233,-0.1206,7.8467,0.12177
f,234,-0.1214,7.8566,0.12178
f,235,-0.1222,7.8664,0.12178
f,236,-0.1229,7.8762,0.12178
f,237,-0.1237,7.886,0.12178
f,238,-0.1245,7.8957,0.12179
f,239,-0.1253,7.9054,0.12179
f,240,-0.1261,7.9151,0.12179
f,241,-0.1269,7.9247,0.1218
f,242,-0.1276,7.9343,0.1218
f,243,-0.1284,7.9439,0.1218
f,244,-0.1292,7.9534,0.12181
f,245,-0.1299,7.9629,0.12181
f,246,-0.1307,7.9724,0.12182
f,247,-0.1314,7.9819,0.12182
f,248,-0.1322,7.9913,0.12182
f,249,-0.1329,8.0007,0.12183
f,250,-0.1337,8.01,0.12183
f,251,-0.1344,8.0193,0.12184
f,252,-0.1352,8.0286,0.12185
f,253,-0.1359,8.0379,0.12185
f,254,-0.1367,8.0471,0.12186
f,255,-0.1374,8.0563,0.12186
f,256,-0.1381,8.0655,0.12187
f,257,-0.1388,8.0746,0.12187
f,258,-0.1396,8.0837,0.12188
f,259,-0.1403,8.0928,0.12189
f,260,-0.141,8.1019,0.12189
f,261,-0.1417,8.1109,0.1219
f,262,-0.1424,8.1199,0.1219
f,263,-0.1431,8.1289,0.12191
f,264,-0.1438,8.1378,0.12192
f,265,-0.1445,8.1468,0.12192
f,266,-0.1452,8.1557,0.12193
f,267,-0.1459,8.1645,0.12194
f,268,-0.1466,8.1734,0.12194
f,269,-0.1473,8.1822,0.12195
f,270,-0.148,8.191,0.12196
f,271,-0.1487,8.1998,0.12197
f,272,-0.1494,8.2085,0.12197
f,273,-0.1501,8.2172,0.12198
f,274,-0.1507,8.2259,0.12199
f,275,-0.1514,8.2346,0.12199
f,276,-0.1521,8.2432,0.122
f,277,-0.1528,8.2519,0.12201
f,278,-0.1534,8.2605,0.12202
f,279,-0.1541,8.269,0.12202
f,280,-0.1547,8.2776,0.12203
f,281,-0.1554,8.2861,0.12204
f,282,-0.1561,8.2946,0.12205
f,283,-0.1567,8.3031,0.12206
f,284,-0.1574,8.3116,0.12206
f,285,-0.158,8.3201,0.12207
f,286,-0.1587,8.3285,0.12208
f,287,-0.1593,8.3369,0.12209
f,288,-0.1599,8.3453,0.12209
f,289,-0.1606,8.3536,0.1221
f,290,-0.1612,8.362,0.12211
f,291,-0.1618,8.3703,0.12212
f,292,-0.1625,8.3786,0.12213
f,293,-0.1631,8.3869,0.12213
f,294,-0.1637,8.3952,0.12214
f,295,-0.1643,8.4035,0.12215
f,296,-0.165,8.4117,0.12216
f,297,-0.1656,8.4199,0.12217
f,298,-0.1662,8.4281,0.12218
f,299,-0.1668,8.4363,0.12218
f,300,-0.1674,8.4445,0.12219
f,301,-0.168,8.4526,0.1222
f,302,-0.1686,8.4607,0.12221
f,303,-0.1692,8.4688,0.12222
f,304,-0.1698,8.4769,0.12222
f,305,-0.1704,8.485,0.12223
f,306,-0.171,8.4931,0.12224
f,307,-0.1716,8.5011,0.12225
f,308,-0.1722,8.5092,0.12226
f,309,-0.1728,8.5172,0.12227
f,310,-0.1734,8.5252,0.12227
f,311,-0.174,8.5332,0.12228
f,312,-0.1745,8.5411,0.12229
f,313,-0.1751,8.5491,0.1223
f,314,-0.1757,8.557,0.12231
f,315,-0.1763,8.565,0.12231
f,316,-0.1768,8.5729,0.12232
f,317,-0.1774,8.5808,0.12233
f,318,-0.178,8.5887,0.12234
f,319,-0.1785,8.5965,0.12235
f,320,-0.1791,8.6044,0.12235
f,321,-0.1797,8.6122,0.12236
f,322,-0.1802,8.6201,0.12237
f,323,-0.1808,8.6279,0.12238
f,324,-0.1813,8.6357,0.12239
f,325,-0.1819,8.6435,0.12239
f,326,-0.1824,8.6512,0.1224
f,327,-0.183,8.659,0.12241
f,328,-0.1835,8.6667,0.12242
f,329,-0.1841,8.6745,0.12243
f,330,-0.1846,8.6822,0.12243
f,331,-0.1851,8.6899,0.12244
f,332,-0.1857,8.6976,0.12245
f,333,-0.1862,8.7053,0.12246
f,334,-0.1867,8.713,0.12246
f,335,-0.1873,8.7207,0.12247
f,336,-0.1878,8.7283,0.12248
f,337,-0.1883,8.736,0.12249
f,338,-0.1889,8.7436,0.12249
f,339,-0.1894,8.7512,0.1225
f,340,-0.1899,8.7588,0.12251
f,341,-0.1904,8.7664,0.12252
f,342,-0.1909,8.774,0.12252
f,343,-0.1914,8.7816,0.12253
f,344,-0.192,8.7892,0.12254
f,345,-0.1925,8.7968,0.12254
f,346,-0.193,8.8043,0.12255
f,347,-0.1935,8.8119,0.12256
f,348,-0.194,8.8194,0.12256
f,349,-0.1945,8.8269,0.12257
f,350,-0.195,8.8344,0.12258
f,351,-0.1955,8.842,0.12259
f,352,-0.196,8.8495,0.12259
f,353,-0.1965,8.8569,0.1226
f,354,-0.197,8.8644,0.12261
f,355,-0.1974,8.8719,0.12261
f,356,-0.1979,8.8794,0.12262
f,357,-0.1984,8.8868,0.12262
f,358,-0.1989,8.8943,0.12263
f,359,-0.1994,8.9017,0.12264
f,360,-0.1999,8.9092,0.12264
f,361,-0.2003,8.9166,0.12265
f,362,-0.2008,8.924,0.12266
f,363,-0.2013,8.9314,0.12266
f,364,-0.2018,8.9388,0.12267
f,365,-0.2022,8.9462,0.12267
f,366,-0.2027,8.9536,0.12268
f,367,-0.2032,8.961,0.12269
f,368,-0.2036,8.9684,0.12269
f,369,-0.2041,8.9757,0.1227
f,370,-0.2046,8.9831,0.1227
f,371,-0.205,8.9904,0.12271
f,372,-0.2055,8.9978,0.12272
f,373,-0.2059,9.0051,0.12272
f,374,-0.2064,9.0125,0.12273
f,375,-0.2068,9.0198,0.12273
f,376,-0.2073,9.0271,0.12274
f,377,-0.2077,9.0344,0.12274
f,378,-0.2082,9.0417,0.12275
f,379,-0.2086,9.049,0.12275
f,380,-0.2091,9.0563,0.12276
f,381,-0.2095,9.0636,0.12276
f,382,-0.21,9.0709,0.12277
f,383,-0.2104,9.0782,0.12277
f,384,-0.2108,9.0854,0.12278
f,385,-0.2113,9.0927,0.12278
f,386,-0.2117,9.0999,0.12279
f,387,-0.2121,9.1072,0.12279
f,388,-0.2126,9.1144,0.1228
f,389,-0.213,9.1217,0.1228
f,390,-0.2134,9.1289,0.12281
f,391,-0.2139,9.1361,0.12281
f,392,-0.2143,9.1434,0.12282
f,393,-0.2147,9.1506,0.12282
f,394,-0.2151,9.1578,0.12282
f,395,-0.2155,9.165,0.12283
f,396,-0.216,9.1722,0.12283
f,397,-0.2164,9.1794,0.12284
f,398,-0.2168,9.1866,0.12284
f,399,-0.2172,9.1938,0.12285
f,400,-0.2176,9.2009,0.12285
f,401,-0.218,9.2081,0.12285
f,402,-0.2184,9.2153,0.12286
f,403,-0.2188,9.2225,0.12286
f,404,-0.2192,9.2296,0.12287
f,405,-0.2196,9.2368,0.12287
f,406,-0.22,9.2439,0.12287
f,407,-0.2204,9.2511,0.12288
f,408,-0.2208,9.2582,0.12288
f,409,-0.2212,9.2654,0.12288
f,410,-0.2216,9.2725,0.12289
f,411,-0.222,9.2796,0.12289
f,412,-0.2224,9.2867,0.12289
f,413,-0.2228,9.2939,0.1229
f,414,-0.2232,9.301,0.1229
f,415,-0.2236,9.3081,0.1229
f,416,-0.224,9.3152,0.12291
f,417,-0.2243,9.3223,0.12291
f,418,-0.2247,9.3294,0.12291
f,419,-0.2251,9.3365,0.12292
f,420,-0.2255,9.3436,0.12292
f,421,-0.2259,9.3507,0.12292
f,422,-0.2262,9.3578,0.12292
f,423,-0.2266,9.3649,0.12293
f,424,-0.227,9.372,0.12293
f,425,-0.2274,9.379,0.12293
f,426,-0.2277,9.3861,0.12294
f,427,-0.2281,9.3932,0.12294
f,428,-0.2285,9.4002,0.12294
f,429,-0.2288,9.4073,0.12294
f,430,-0.2292,9.4144,0.12295
f,431,-0.2296,9.4214,0.12295
f,432,-0.2299,9.4285,0.12295
f,433,-0.2303,9.4355,0.12295
f,434,-0.2307,9.4426,0.12295
f,435,-0.231,9.4496,0.12296
f,436,-0.2314,9.4567,0.12296
f,437,-0.2317,9.4637,0.12296
f,438,-0.2321,9.4707,0.12296
f,439,-0.2324,9.4778,0.12296
f,440,-0.2328,9.4848,0.12297
f,441,-0.2331,9.4918,0.12297
f,442,-0.2335,9.4988,0.12297
f,443,-0.2338,9.5058,0.12297
f,444,-0.2342,9.5129,0.12297
f,445,-0.2345,9.5199,0.12298
f,446,-0.2349,9.5269,0.12298
f,447,-0.2352,9.5339,0.12298
f,448,-0.2355,9.5409,0.12298
f,449,-0.2359,9.5479,0.12298
f,450,-0.2362,9.5549,0.12298
f,451,-0.2366,9.5619,0.12299
f,452,-0.2369,9.5689,0.12299
f,453,-0.2372,9.5759,0.12299
f,454,-0.2376,9.5829,0.12299
f,455,-0.2379,9.5898,0.12299
f,456,-0.2382,9.5968,0.12299
f,457,-0.2385,9.6038,0.12299
f,458,-0.2389,9.6108,0.123
f,459,-0.2392,9.6178,0.123
f,460,-0.2395,9.6247,0.123
f,461,-0.2398,9.6317,0.123
f,462,-0.2402,9.6387,0.123
f,463,-0.2405,9.6457,0.123
f,464,-0.2408,9.6526,0.123
f,465,-0.2411,9.6596,0.123
f,466,-0.2414,9.6665,0.12301
f,467,-0.2418,9.6735,0.12301
f,468,-0.2421,9.6805,0.12301
f,469,-0.2424,9.6874,0.12301
f,470,-0.2427,9.6944,0.12301
f,471,-0.243,9.7013,0.12301
f,472,-0.2433,9.7083,0.12301
f,473,-0.2436,9.7152,0.12301
f,474,-0.2439,9.7222,0.12301
f,475,-0.2442,9.7291,0.12302
f,476,-0.2446,9.7361,0.12302
f,477,-0.2449,9.743,0.12302
f,478,-0.2452,9.75,0.12302
f,479,-0.2455,9.7569,0.12302
f,480,-0.2458,9.7638,0.12302
f,481,-0.2461,9.7708,0.12302
f,482,-0.2464,9.7777,0.12302
f,483,-0.2467,9.7846,0.12302
f,484,-0.247,9.7916,0.12302
f,485,-0.2472,9.7985,0.12303
f,486,-0.2475,9.8054,0.12303
f,487,-0.2478,9.8124,0.12303
f,488,-0.2481,9.8193,0.12303
f,489,-0.2484,9.8262,0.12303
f,490,-0.2487,9.8331,0.12303
f,491,-0.249,9.8401,0.12303
f,492,-0.2493,9.847,0.12303
f,493,-0.2496,9.8539,0.12303
f,494,-0.2499,9.8608,0.12303
f,495,-0.2501,9.8677,0.12303
f,496,-0.2504,9.8746,0.12304
f,497,-0.2507,9.8816,0.12304
f,498,-0.251,9.8885,0.12304
f,499,-0.2513,9.8954,0.12304
f,500,-0.2515,9.9023,0.12304
f,501,-0.2518,9.9092,0.12304
f,502,-0.2521,9.9161,0.12304
f,503,-0.2524,9.923,0.12304
f,504,-0.2526,9.9299,0.12304
f,505,-0.2529,9.9368,0.12304
f,506,-0.2532,9.9437,0.12304
f,507,-0.2535,9.9506,0.12305
f,508,-0.2537,9.9575,0.12305
f,509,-0.254,9.9644,0.12305
f,510,-0.2543,9.9713,0.12305
f,511,-0.2545,9.9782,0.12305
f,512,-0.2548,9.9851,0.12305
f,513,-0.2551,9.992,0.12305
f,514,-0.2553,9.9989,0.12305
f,515,-0.2556,10.0058,0.12305
f,516,-0.2558,10.0127,0.12305
f,517,-0.2561,10.0196,0.12305
f,518,-0.2564,10.0265,0.12306
f,519,-0.2566,10.0334,0.12306
f,520,-0.2569,10.0402,0.12306
f,521,-0.2571,10.0471,0.12306
f,522,-0.2574,10.054,0.12306
f,523,-0.2577,10.0609,0.12306
f,524,-0.2579,10.0678,0.12306
f,525,-0.2582,10.0746,0.12306
f,526,-0.2584,10.0815,0.12306
f,527,-0.2587,10.0884,0.12307
f,528,-0.2589,10.0953,0.12307
f,529,-0.2592,10.1021,0.12307
f,530,-0.2594,10.109,0.12307
f,531,-0.2597,10.1159,0.12307
f,532,-0.2599,10.1227,0.12307
f,533,-0.2601,10.1296,0.12307
f,534,-0.2604,10.1365,0.12307
f,535,-0.2606,10.1433,0.12308
f,536,-0.2609,10.1502,0.12308
f,537,-0.2611,10.157,0.12308
f,538,-0.2614,10.1639,0.12308
f,539,-0.2616,10.1707,0.12308
f,540,-0.2618,10.1776,0.12308
f,541,-0.2621,10.1845,0.12308
f,542,-0.2623,10.1913,0.12309
f,543,-0.2625,10.1982,0.12309
f,544,-0.2628,10.205,0.12309
f,545,-0.263,10.2119,0.12309
f,546,-0.2632,10.2187,0.12309
f,547,-0.2635,10.2255,0.12309
f,548,-0.2637,10.2324,0.12309
f,549,-0.2639,10.2392,0.1231
f,550,-0.2642,10.2461,0.1231
f,551,-0.2644,10.2529,0.1231
f,552,-0.2646,10.2597,0.1231
f,553,-0.2649,10.2666,0.1231
f,554,-0.2651,10.2734,0.1231
f,555,-0.2653,10.2803,0.12311
f,556,-0.2655,10.2871,0.12311
f,557,-0.2658,10.2939,0.12311
f,558,-0.266,10.3008,0.12311
f,559,-0.2662,10.3076,0.12311
f,560,-0.2664,10.3144,0.12311
f,561,-0.2666,10.3213,0.12312
f,562,-0.2669,10.3281,0.12312
f,563,-0.2671,10.3349,0.12312
f,564,-0.2673,10.3417,0.12312
f,565,-0.2675,10.3486,0.12312
f,566,-0.2677,10.3554,0.12313
f,567,-0.2679,10.3622,0.12313
f,568,-0.2682,10.369,0.12313
f,569,-0.2684,10.3759,0.12313
f,570,-0.2686,10.3827,0.12313
f,571,-0.2688,10.3895,0.12314
f,572,-0.269,10.3963,0.12314
f,573,-0.2692,10.4031,0.12314
f,574,-0.2694,10.41,0.12314
f,575,-0.2696,10.4168,0.12314
f,576,-0.2698,10.4236,0.12315
f,577,-0.27,10.4304,0.12315
f,578,-0.2702,10.4372,0.12315
f,579,-0.2705,10.444,0.12315
f,580,-0.2707,10.4508,0.12316
f,581,-0.2709,10.4577,0.12316
f,582,-0.2711,10.4645,0.12316
f,583,-0.2713,10.4713,0.12316
f,584,-0.2715,10.4781,0.12316
f,585,-0.2717,10.4849,0.12317
f,586,-0.2719,10.4917,0.12317
f,587,-0.2721,10.4985,0.12317
f,588,-0.2723,10.5053,0.12317
f,589,-0.2725,10.5121,0.12318
f,590,-0.2727,10.5189,0.12318
f,591,-0.2729,10.5257,0.12318
f,592,-0.273,10.5325,0.12319
f,593,-0.2732,10.5393,0.12319
f,594,-0.2734,10.5461,0.12319
f,595,-0.2736,10.5529,0.12319
f,596,-0.2738,10.5597,0.1232
f,597,-0.274,10.5665,0.1232
f,598,-0.2742,10.5733,0.1232
f,599,-0.2744,10.5801,0.1232
f,600,-0.2746,10.5869,0.12321
f,601,-0.2748,10.5937,0.12321
f,602,-0.275,10.6005,0.12321
f,603,-0.2751,10.6073,0.12322
f,604,-0.2753,10.6141,0.12322
f,605,-0.2755,10.6209,0.12322
f,606,-0.2757,10.6277,0.12323
f,607,-0.2759,10.6345,0.12323
f,608,-0.2761,10.6413,0.12323
f,609,-0.2763,10.6481,0.12324
f,610,-0.2764,10.6549,0.12324
f,611,-0.2766,10.6617,0.12324
f,612,-0.2768,10.6685,0.12325
f,613,-0.277,10.6753,0.12325
f,614,-0.2772,10.6821,0.12325
f,615,-0.2773,10.6889,0.12326
f,616,-0.2775,10.6957,0.12326
f,617,-0.2777,10.7025,0.12326
f,618,-0.2779,10.7093,0.12327
f,619,-0.278,10.7161,0.12327
f,620,-0.2782,10.7229,0.12327
f,621,-0.2784,10.7297,0.12328
f,622,-0.2786,10.7365,0.12328
f,623,-0.2787,10.7433,0.12328
f,624,-0.2789,10.7501,0.12329
f,625,-0.2791,10.7569,0.12329
f,626,-0.2793,10.7637,0.1233
f,627,-0.2794,10.7705,0.1233
f,628,-0.2796,10.7773,0.1233
f,629,-0.2798,10.7841,0.12331
f,630,-0.2799,10.7909,0.12331
f,631,-0.2801,10.7977,0.12332
f,632,-0.2803,10.8045,0.12332
f,633,-0.2804,10.8113,0.12332
f,634,-0.2806,10.8181,0.12333
f,635,-0.2808,10.8249,0.12333
f,636,-0.2809,10.8317,0.12334
f,637,-0.2811,10.8385,0.12334
f,638,-0.2813,10.8453,0.12335
f,639,-0.2814,10.8521,0.12335
f,640,-0.2816,10.8589,0.12336
f,641,-0.2818,10.8657,0.12336
f,642,-0.2819,10.8725,0.12336
f,643,-0.2821,10.8793,0.12337
f,644,-0.2822,10.8861,0.12337
f,645,-0.2824,10.8929,0.12338
f,646,-0.2826,10.8997,0.12338
f,647,-0.2827,10.9065,0.12339
f,648,-0.2829,10.9133,0.12339
f,649,-0.283,10.9202,0.1234
f,650,-0.2832,10.927,0.1234
f,651,-0.2834,10.9338,0.12341
f,652,-0.2835,10.9406,0.12341
f,653,-0.2837,10.9474,0.12342
f,654,-0.2838,10.9542,0.12342
f,655,-0.284,10.961,0.12343
f,656,-0.2841,10.9679,0.12343
f,657,-0.2843,10.9747,0.12344
f,658,-0.2844,10.9815,0.12344
f,659,-0.2846,10.9883,0.12345
f,660,-0.2847,10.9951,0.12345
f,661,-0.2849,11.0019,0.12346
f,662,-0.285,11.0088,0.12346
f,663,-0.2852,11.0156,0.12347
f,664,-0.2853,11.0224,0.12347
f,665,-0.2855,11.0292,0.12348
f,666,-0.2856,11.036,0.12348
f,667,-0.2858,11.0429,0.12349
f,668,-0.2859,11.0497,0.1235
f,669,-0.2861,11.0565,0.1235
f,670,-0.2862,11.0633,0.12351
f,671,-0.2864,11.0702,0.12351
f,672,-0.2865,11.077,0.12352
f,673,-0.2866,11.0838,0.12352
f,674,-0.2868,11.0906,0.12353
f,675,-0.2869,11.0975,0.12353
f,676,-0.2871,11.1043,0.12354
f,677,-0.2872,11.1111,0.12355
f,678,-0.2874,11.118,0.12355
f,679,-0.2875,11.1248,0.12356
f,680,-0.2876,11.1316,0.12356
f,681,-0.2878,11.1384,0.12357
f,682,-0.2879,11.1453,0.12358
f,683,-0.2881,11.1521,0.12358
f,684,-0.2882,11.1589,0.12359
f,685,-0.2883,11.1658,0.12359
f,686,-0.2885,11.1726,0.1236
f,687,-0.2886,11.1795,0.12361
f,688,-0.2887,11.1863,0.12361
f,689,-0.2889,11.1931,0.12362
f,690,-0.289,11.2,0.12362
f,691,-0.2891,11.2068,0.12363
f,692,-0.2893,11.2137,0.12364
f,693,-0.2894,11.2205,0.12364
f,694,-0.2895,11.2273,0.12365
f,695,-0.2897,11.2342,0.12366
f,696,-0.2898,11.241,0.12366
f,697,-0.2899,11.2479,0.12367
f,698,-0.2901,11.2547,0.12367
f,699,-0.2902,11.2616,0.12368
f,700,-0.2903,11.2684,0.12369
f,701,-0.2905,11.2753,0.12369
f,702,-0.2906,11.2821,0.1237
f,703,-0.2907,11.2889,0.12371
f,704,-0.2909,11.2958,0.12371
f,705,-0.291,11.3026,0.12372
f,706,-0.2911,11.3095,0.12373
f,707,-0.2912,11.3163,0.12373
f,708,-0.2914,11.3232,0.12374
f,709,-0.2915,11.33,0.12375
f,710,-0.2916,11.3369,0.12375
f,711,-0.2917,11.3438,0.12376
f,712,-0.2919,11.3506,0.12377
f,713,-0.292,11.3575,0.12377
f,714,-0.2921,11.3643,0.12378
f,715,-0.2922,11.3712,0.12379
f,716,-0.2924,11.378,0.12379
f,717,-0.2925,11.3849,0.1238
f,718,-0.2926,11.3917,0.12381
f,719,-0.2927,11.3986,0.12382
f,720,-0.2928,11.4055,0.12382
f,721,-0.293,11.4123,0.12383
f,722,-0.2931,11.4192,0.12384
f,723,-0.2932,11.426,0.12384
f,724,-0.2933,11.4329,0.12385
f,725,-0.2934,11.4397,0.12386
f,726,-0.2936,11.4466,0.12387
f,727,-0.2937,11.4535,0.12387
f,728,-0.2938,11.4603,0.12388
f,729,-0.2939,11.4672,0.12389
f,730,-0.294,11.4741,0.12389
f,731,-0.2942,11.4809,0.1239
f,732,-0.2943,11.4878,0.12391
f,733,-0.2944,11.4946,0.12392
f,734,-0.2945,11.5015,0.12392
f,735,-0.2946,11.5084,0.12393
f,736,-0.2947,11.5152,0.12394
f,737,-0.2948,11.5221,0.12395
f,738,-0.295,11.529,0.12395
f,739,-0.2951,11.5358,0.12396
f,740,-0.2952,11.5427,0.12397
f,741,-0.2953,11.5496,0.12398
f,742,-0.2954,11.5564,0.12399
f,743,-0.2955,11.5633,0.12399
f,744,-0.2956,11.5702,0.124
f,745,-0.2957,11.577,0.12401
f,746,-0.2959,11.5839,0.12402
f,747,-0.296,11.5907,0.12402
f,748,-0.2961,11.5976,0.12403
f,749,-0.2962,11.6045,0.12404
f,750,-0.2963,11.6113,0.12405
f,751,-0.2964,11.6182,0.12406
f,752,-0.2965,11.6251,0.12406
f,753,-0.2966,11.6319,0.12407
f,754,-0.2967,11.6388,0.12408
f,755,-0.2968,11.6456,0.12409
f,756,-0.2969,11.6525,0.1241
f,757,-0.297,11.6594,0.1241
f,758,-0.2972,11.6662,0.12411
f,759,-0.2973,11.6731,0.12412
f,760,-0.2974,11.6799,0.12413
f,761,-0.2975,11.6868,0.12414
f,762,-0.2976,11.6937,0.12415
f,763,-0.2977,11.7005,0.12415
f,764,-0.2978,11.7074,0.12416
f,765,-0.2979,11.7142,0.12417
f,766,-0.298,11.7211,0.12418
f,767,-0.2981,11.7279,0.12419
f,768,-0.2982,11.7348,0.1242
f,769,-0.2983,11.7416,0.12421
f,770,-0.2984,11.7485,0.12421
f,771,-0.2985,11.7553,0.12422
f,772,-0.2986,11.7622,0.12423
f,773,-0.2987,11.769,0.12424
f,774,-0.2988,11.7759,0.12425
f,775,-0.2989,11.7827,0.12426
f,776,-0.299,11.7896,0.12427
f,777,-0.2991,11.7964,0.12428
f,778,-0.2992,11.8033,0.12429
f,779,-0.2993,11.8101,0.12429
f,780,-0.2994,11.817,0.1243
f,781,-0.2995,11.8238,0.12431
f,782,-0.2996,11.8307,0.12432
f,783,-0.2997,11.8375,0.12433
f,784,-0.2998,11.8443,0.12434
f,785,-0.2999,11.8512,0.12435
f,786,-0.3,11.858,0.12436
f,787,-0.3001,11.8648,0.12437
f,788,-0.3002,11.8717,0.12438
f,789,-0.3003,11.8785,0.12439
f,790,-0.3004,11.8853,0.1244
f,791,-0.3005,11.8922,0.12441
f,792,-0.3006,11.899,0.12441
f,793,-0.3007,11.9058,0.12442
f,794,-0.3007,11.9126,0.12443
f,795,-0.3008,11.9194,0.12444
f,796,-0.3009,11.9263,0.12445
f,797,-0.301,11.9331,0.12446
f,798,-0.3011,11.9399,0.12447
f,799,-0.3012,11.9467,0.12448
f,800,-0.3013,11.9535,0.12449
f,801,-0.3014,11.9603,0.1245
f,802,-0.3015,11.9671,0.12451
f,803,-0.3016,11.9739,0.12452
f,804,-0.3017,11.9808,0.12453
f,805,-0.3018,11.9876,0.12454
f,806,-0.3019,11.9944,0.12455
f,807,-0.3019,12.0011,0.12456
f,808,-0.302,12.0079,0.12457
f,809,-0.3021,12.0147,0.12458
f,810,-0.3022,12.0215,0.12459
f,811,-0.3023,12.0283,0.1246
f,812,-0.3024,12.0351,0.12461
f,813,-0.3025,12.0419,0.12462
f,814,-0.3026,12.0487,0.12463
f,815,-0.3027,12.0554,0.12465
f,816,-0.3027,12.0622,0.12466
f,817,-0.3028,12.069,0.12467
f,818,-0.3029,12.0758,0.12468
f,819,-0.303,12.0825,0.12469
f,820,-0.3031,12.0893,0.1247
f,821,-0.3032,12.0961,0.12471
f,822,-0.3033,12.1028,0.12472
f,823,-0.3033,12.1096,0.12473
f,824,-0.3034,12.1163,0.12474
f,825,-0.3035,12.1231,0.12475
f,826,-0.3036,12.1298,0.12476
f,827,-0.3037,12.1366,0.12477
f,828,-0.3038,12.1433,0.12479
f,829,-0.3039,12.15,0.1248
f,830,-0.3039,12.1568,0.12481
f,831,-0.304,12.1635,0.12482
f,832,-0.3041,12.1702,0.12483
f,833,-0.3042,12.177,0.12484
f,834,-0.3043,12.1837,0.12485
f,835,-0.3044,12.1904,0.12486
f,836,-0.3044,12.1971,0.12487
f,837,-0.3045,12.2039,0.12489
f,838,-0.3046,12.2106,0.1249
f,839,-0.3047,12.2173,0.12491
f,840,-0.3048,12.224,0.12492
f,841,-0.3048,12.2307,0.12493
f,842,-0.3049,12.2374,0.12494
f,843,-0.305,12.2441,0.12495
f,844,-0.3051,12.2508,0.12497
f,845,-0.3052,12.2575,0.12498
f,846,-0.3052,12.2642,0.12499
f,847,-0.3053,12.2709,0.125
f,848,-0.3054,12.2775,0.12501
f,849,-0.3055,12.2842,0.12503
f,850,-0.3056,12.2909,0.12504
f,851,-0.3056,12.2976,0.12505
f,852,-0.3057,12.3042,0.12506
f,853,-0.3058,12.3109,0.12507
f,854,-0.3059,12.3176,0.12509
f,855,-0.3059,12.3242,0.1251
f,856,-0.306,12.3309,0.12511
f,857,-0.3061,12.3375,0.12512
f,858,-0.3062,12.3442,0.12513
f,859,-0.3063,12.3508,0.12515
f,860,-0.3063,12.3575,0.12516
f,861,-0.3064,12.3641,0.12517
f,862,-0.3065,12.3707,0.12518
f,863,-0.3066,12.3774,0.1252
f,864,-0.3066,12.384,0.12521
f,865,-0.3067,12.3906,0.12522
f,866,-0.3068,12.3973,0.12523
f,867,-0.3069,12.4039,0.12525
f,868,-0.3069,12.4105,0.12526
f,869,-0.307,12.4171,0.12527
f,870,-0.3071,12.4237,0.12528
f,871,-0.3072,12.4303,0.1253
f,872,-0.3072,12.4369,0.12531
f,873,-0.3073,12.4435,0.12532
f,874,-0.3074,12.4501,0.12533
f,875,-0.3074,12.4567,0.12535
f,876,-0.3075,12.4633,0.12536
f,877,-0.3076,12.4699,0.12537
f,878,-0.3077,12.4765,0.12539
f,879,-0.3077,12.4831,0.1254
f,880,-0.3078,12.4896,0.12541
f,881,-0.3079,12.4962,0.12543
f,882,-0.308,12.5028,0.12544
f,883,-0.308,12.5093,0.12545
f,884,-0.3081,12.5159,0.12547
f,885,-0.3082,12.5225,0.12548
f,886,-0.3082,12.529,0.12549
f,887,-0.3083,12.5356,0.12551
f,888,-0.3084,12.5421,0.12552
f,889,-0.3085,12.5487,0.12553
f,890,-0.3085,12.5552,0.12555
f,891,-0.3086,12.5617,0.12556
f,892,-0.3087,12.5683,0.12557
f,893,-0.3087,12.5748,0.12559
f,894,-0.3088,12.5813,0.1256
f,895,-0.3089,12.5879,0.12561
f,896,-0.3089,12.5944,0.12563
f,897,-0.309,12.6009,0.12564
f,898,-0.3091,12.6074,0.12566
f,899,-0.3091,12.6139,0.12567
f,900,-0.3092,12.6204,0.12568
f,901,-0.3093,12.6269,0.1257
f,902,-0.3093,12.6334,0.12571
f,903,-0.3094,12.6399,0.12573
f,904,-0.3095,12.6464,0.12574
f,905,-0.3095,12.6529,0.12575
f,906,-0.3096,12.6594,0.12577
f,907,-0.3097,12.6659,0.12578
f,908,-0.3097,12.6723,0.1258
f,909,-0.3098,12.6788,0.12581
f,910,-0.3099,12.6853,0.12583
f,911,-0.3099,12.6918,0.12584
f,912,-0.31,12.6982,0.12585
f,913,-0.3101,12.7047,0.12587
f,914,-0.3101,12.7111,0.12588
f,915,-0.3102,12.7176,0.1259
f,916,-0.3103,12.724,0.12591
f,917,-0.3103,12.7305,0.12593
f,918,-0.3104,12.7369,0.12594
f,919,-0.3105,12.7434,0.12596
f,920,-0.3105,12.7498,0.12597
f,921,-0.3106,12.7563,0.12599
f,922,-0.3107,12.7627,0.126
f,923,-0.3107,12.7691,0.12602
f,924,-0.3108,12.7755,0.12603
f,925,-0.3109,12.782,0.12605
f,926,-0.3109,12.7884,0.12606
f,927,-0.311,12.7948,0.12608
f,928,-0.311,12.8012,0.12609
f,929,-0.3111,12.8076,0.12611
f,930,-0.3112,12.814,0.12612
f,931,-0.3112,12.8204,0.12614
f,932,-0.3113,12.8268,0.12615
f,933,-0.3114,12.8332,0.12617
f,934,-0.3114,12.8396,0.12618
f,935,-0.3115,12.846,0.1262
f,936,-0.3116,12.8524,0.12621
f,937,-0.3116,12.8588,0.12623
f,938,-0.3117,12.8651,0.12625
f,939,-0.3117,12.8715,0.12626
f,940,-0.3118,12.8779,0.12628
f,941,-0.3119,12.8843,0.12629
f,942,-0.3119,12.8906,0.12631
f,943,-0.312,12.897,0.12632
f,944,-0.312,12.9033,0.12634
f,945,-0.3121,12.9097,0.12636
f,946,-0.3122,12.9161,0.12637
f,947,-0.3122,12.9224,0.12639
f,948,-0.3123,12.9288,0.1264
f,949,-0.3123,12.9351,0.12642
f,950,-0.3124,12.9415,0.12644
f,951,-0.3125,12.9478,0.12645
f,952,-0.3125,12.9541,0.12647
f,953,-0.3126,12.9605,0.12648
f,954,-0.3126,12.9668,0.1265
f,955,-0.3127,12.9732,0.12652
f,956,-0.3128,12.9795,0.12653
f,957,-0.3128,12.9858,0.12655
f,958,-0.3129,12.9921,0.12656
f,959,-0.3129,12.9985,0.12658
f,960,-0.313,13.0048,0.1266
f,961,-0.3131,13.0111,0.12661
f,962,-0.3131,13.0174,0.12663
f,963,-0.3132,13.0237,0.12665
f,964,-0.3132,13.03,0.12666
f,965,-0.3133,13.0363,0.12668
f,966,-0.3134,13.0427,0.1267
f,967,-0.3134,13.049,0.12671
f,968,-0.3135,13.0553,0.12673
f,969,-0.3135,13.0616,0.12675
f,970,-0.3136,13.0679,0.12676
f,971,-0.3136,13.0742,0.12678
f,972,-0.3137,13.0804,0.1268
f,973,-0.3138,13.0867,0.12681
f,974,-0.3138,13.093,0.12683
f,975,-0.3139,13.0993,0.12685
f,976,-0.3139,13.1056,0.12687
f,977,-0.314,13.1119,0.12688
f,978,-0.314,13.1182,0.1269
f,979,-0.3141,13.1245,0.12692
f,980,-0.3142,13.1307,0.12693
f,981,-0.3142,13.137,0.12695
f,982,-0.3143,13.1433,0.12697
f,983,-0.3143,13.1496,0.12699
f,984,-0.3144,13.1558,0.127
f,985,-0.3144,13.1621,0.12702
f,986,-0.3145,13.1684,0.12704
f,987,-0.3145,13.1746,0.12706
f,988,-0.3146,13.1809,0.12707
f,989,-0.3147,13.1872,0.12709
f,990,-0.3147,13.1934,0.12711
f,991,-0.3148,13.1997,0.12713
f,992,-0.3148,13.2059,0.12714
f,993,-0.3149,13.2122,0.12716
f,994,-0.3149,13.2185,0.12718
f,995,-0.315,13.2247,0.1272
f,996,-0.315,13.231,0.12721
f,997,-0.3151,13.2372,0.12723
f,998,-0.3152,13.2435,0.12725
f,999,-0.3152,13.2497,0.12727
f,1000,-0.3153,13.256,0.12729
f,1001,-0.3153,13.2622,0.1273
f,1002,-0.3154,13.2684,0.12732
f,1003,-0.3154,13.2747,0.12734
f,1004,-0.3155,13.2809,0.12736
f,1005,-0.3155,13.2872,0.12738
f,1006,-0.3156,13.2934,0.12739
f,1007,-0.3156,13.2996,0.12741
f,1008,-0.3157,13.3059,0.12743
f,1009,-0.3158,13.3121,0.12745
f,1010,-0.3158,13.3183,0.12747
f,1011,-0.3159,13.3246,0.12749
f,1012,-0.3159,13.3308,0.1275
f,1013,-0.316,13.337,0.12752
f,1014,-0.316,13.3433,0.12754
f,1015,-0.3161,13.3495,0.12756
f,1016,-0.3161,13.3557,0.12758
f,1017,-0.3162,13.3619,0.1276
f,1018,-0.3162,13.3682,0.12762
f,1019,-0.3163,13.3744,0.12763
f,1020,-0.3163,13.3806,0.12765
f,1021,-0.3164,13.3868,0.12767
f,1022,-0.3164,13.3931,0.12769
f,1023,-0.3165,13.3993,0.12771
f,1024,-0.3165,13.4055,0.12773
f,1025,-0.3166,13.4117,0.12775
f,1026,-0.3167,13.4179,0.12777
f,1027,-0.3167,13.4242,0.12779
f,1028,-0.3168,13.4304,0.12781
f,1029,-0.3168,13.4366,0.12782
f,1030,-0.3169,13.4428,0.12784
f,1031,-0.3169,13.449,0.12786
f,1032,-0.317,13.4552,0.12788
f,1033,-0.317,13.4614,0.1279
f,1034,-0.3171,13.4677,0.12792
f,1035,-0.3171,13.4739,0.12794
f,1036,-0.3172,13.4801,0.12796
f,1037,-0.3172,13.4863,0.12798
f,1038,-0.3173,13.4925,0.128
f,1039,-0.3173,13.4987,0.12802
f,1040,-0.3174,13.5049,0.12804
f,1041,-0.3174,13.5111,0.12806
f,1042,-0.3175,13.5173,0.12808
f,1043,-0.3175,13.5235,0.1281
f,1044,-0.3176,13.5297,0.12812
f,1045,-0.3176,13.5359,0.12814
f,1046,-0.3177,13.5421,0.12816
f,1047,-0.3177,13.5483,0.12818
f,1048,-0.3178,13.5545,0.12819
f,1049,-0.3178,13.5607,0.12821
f,1050,-0.3179,13.5669,0.12823
f,1051,-0.3179,13.5731,0.12825
f,1052,-0.318,13.5793,0.12827
f,1053,-0.318,13.5855,0.12829
f,1054,-0.3181,13.5917,0.12832
f,1055,-0.3181,13.5979,0.12834
f,1056,-0.3182,13.6041,0.12836
f,1057,-0.3182,13.6103,0.12838
f,1058,-0.3183,13.6165,0.1284
f,1059,-0.3183,13.6227,0.12842
f,1060,-0.3184,13.6289,0.12844
f,1061,-0.3184,13.6351,0.12846
f,1062,-0.3185,13.6413,0.12848
f,1063,-0.3185,13.6475,0.1285
f,1064,-0.3186,13.6537,0.12852
f,1065,-0.3186,13.6599,0.12854
f,1066,-0.3187,13.6661,0.12856
f,1067,-0.3187,13.6723,0.12858
f,1068,-0.3188,13.6785,0.1286
f,1069,-0.3188,13.6847,0.12862
f,1070,-0.3189,13.6909,0.12864
f,1071,-0.3189,13.6971,0.12866
f,1072,-0.319,13.7033,0.12868
f,1073,-0.319,13.7095,0.12871
f,1074,-0.3191,13.7157,0.12873
f,1075,-0.3191,13.7218,0.12875
f,1076,-0.3192,13.728,0.12877
f,1077,-0.3192,13.7342,0.12879
f,1078,-0.3193,13.7404,0.12881
f,1079,-0.3193,13.7466,0.12883
f,1080,-0.3194,13.7528,0.12885
f,1081,-0.3194,13.759,0.12887
f,1082,-0.3195,13.7652,0.1289
f,1083,-0.3195,13.7714,0.12892
f,1084,-0.3196,13.7776,0.12894
f,1085,-0.3196,13.7838,0.12896
f,1086,-0.3197,13.7899,0.12898
f,1087,-0.3197,13.7961,0.129
f,1088,-0.3198,13.8023,0.12902
f,1089,-0.3198,13.8085,0.12905
f,1090,-0.3198,13.8147,0.12907
f,1091,-0.3199,13.8209,0.12909
f,1092,-0.3199,13.8271,0.12911
f,1093,-0.32,13.8333,0.12913
f,1094,-0.32,13.8395,0.12915
f,1095,-0.3201,13.8456,0.12918
f,1096,-0.3201,13.8518,0.1292
f,1097,-0.3202,13.858,0.12922
f,1098,-0.3202,13.8642,0.12924
f,1099,-0.3203,13.8704,0.12926
f,1100,-0.3203,13.8766,0.12929
f,1101,-0.3204,13.8828,0.12931
f,1102,-0.3204,13.8889,0.12933
f,1103,-0.3205,13.8951,0.12935
f,1104,-0.3205,13.9013,0.12937
f,1105,-0.3206,13.9075,0.1294
f,1106,-0.3206,13.9137,0.12942
f,1107,-0.3207,13.9199,0.12944
f,1108,-0.3207,13.9261,0.12946
f,1109,-0.3208,13.9322,0.12948
f,1110,-0.3208,13.9384,0.12951
f,1111,-0.3208,13.9446,0.12953
f,1112,-0.3209,13.9508,0.12955
f,1113,-0.3209,13.957,0.12957
f,1114,-0.321,13.9632,0.1296
f,1115,-0.321,13.9693,0.12962
f,1116,-0.3211,13.9755,0.12964
f,1117,-0.3211,13.9817,0.12967
f,1118,-0.3212,13.9879,0.12969
f,1119,-0.3212,13.9941,0.12971
f,1120,-0.3213,14.0003,0.12973
f,1121,-0.3213,14.0064,0.12976
f,1122,-0.3214,14.0126,0.12978
f,1123,-0.3214,14.0188,0.1298
f,1124,-0.3215,14.025,0.12982
f,1125,-0.3215,14.0312,0.12985
f,1126,-0.3216,14.0373,0.12987
f,1127,-0.3216,14.0435,0.12989
f,1128,-0.3216,14.0497,0.12992
f,1129,-0.3217,14.0559,0.12994
f,1130,-0.3217,14.0621,0.12996
f,1131,-0.3218,14.0682,0.12999
f,1132,-0.3218,14.0744,0.13001
f,1133,-0.3219,14.0806,0.13003
f,1134,-0.3219,14.0868,0.13006
f,1135,-0.322,14.093,0.13008
f,1136,-0.322,14.0991,0.1301
f,1137,-0.3221,14.1053,0.13013
f,1138,-0.3221,14.1115,0.13015
f,1139,-0.3222,14.1177,0.13017
f,1140,-0.3222,14.1238,0.1302
f,1141,-0.3222,14.13,0.13022
f,1142,-0.3223,14.1362,0.13024
f,1143,-0.3223,14.1424,0.13027
f,1144,-0.3224,14.1485,0.13029
f,1145,-0.3224,14.1547,0.13032
f,1146,-0.3225,14.1609,0.13034
f,1147,-0.3225,14.1671,0.13036
f,1148,-0.3226,14.1732,0.13039
f,1149,-0.3226,14.1794,0.13041
f,1150,-0.3227,14.1856,0.13043
f,1151,-0.3227,14.1917,0.13046
f,1152,-0.3227,14.1979,0.13048
f,1153,-0.3228,14.2041,0.13051
f,1154,-0.3228,14.2103,0.13053
f,1155,-0.3229,14.2164,0.13055
f,1156,-0.3229,14.2226,0.13058
f,1157,-0.323,14.2288,0.1306
f,1158,-0.323,14.2349,0.13063
f,1159,-0.3231,14.2411,0.13065
f,1160,-0.3231,14.2473,0.13068
f,1161,-0.3232,14.2534,0.1307
f,1162,-0.3232,14.2596,0.13072
f,1163,-0.3232,14.2658,0.13075
f,1164,-0.3233,14.2719,0.13077
f,1165,-0.3233,14.2781,0.1308
f,1166,-0.3234,14.2843,0.13082
f,1167,-0.3234,14.2904,0.13085
f,1168,-0.3235,14.2966,0.13087
f,1169,-0.3235,14.3028,0.1309
f,1170,-0.3236,14.3089,0.13092
f,1171,-0.3236,14.3151,0.13095
f,1172,-0.3237,14.3213,0.13097
f,1173,-0.3237,14.3274,0.13099
f,1174,-0.3237,14.3336,0.13102
f,1175,-0.3238,14.3397,0.13104
f,1176,-0.3238,14.3459,0.13107
f,1177,-0.3239,14.3521,0.13109
f,1178,-0.3239,14.3582,0.13112
f,1179,-0.324,14.3644,0.13114
f,1180,-0.324,14.3705,0.13117
f,1181,-0.3241,14.3767,0.13119
f,1182,-0.3241,14.3829,0.13122
f,1183,-0.3241,14.389,0.13124
f,1184,-0.3242,14.3952,0.13127
f,1185,-0.3242,14.4013,0.13129
f,1186,-0.3243,14.4075,0.13132
f,1187,-0.3243,14.4136,0.13134
f,1188,-0.3244,14.4198,0.13137
f,1189,-0.3244,14.4259,0.1314
f,1190,-0.3245,14.4321,0.13142
f,1191,-0.3245,14.4382,0.13145
f,1192,-0.3245,14.4444,0.13147
f,1193,-0.3246,14.4505,0.1315
f,1194,-0.3246,14.4567,0.13152
f,1195,-0.3247,14.4628,0.13155
f,1196,-0.3247,14.469,0.13157
f,1197,-0.3248,14.4751,0.1316
f,1198,-0.3248,14.4813,0.13162
f,1199,-0.3249,14.4874,0.13165
f,1200,-0.3249,14.4936,0.13167
f,1201,-0.3249,14.4997,0.1317
f,1202,-0.325,14.5059,0.13173
f,1203,-0.325,14.512,0.13175
f,1204,-0.3251,14.5181,0.13178
f,1205,-0.3251,14.5243,0.1318
f,1206,-0.3252,14.5304,0.13183
f,1207,-0.3252,14.5366,0.13185
f,1208,-0.3253,14.5427,0.13188
f,1209,-0.3253,14.5488,0.13191
f,1210,-0.3253,14.555,0.13193
f,1211,-0.3254,14.5611,0.13196
f,1212,-0.3254,14.5673,0.13198
f,1213,-0.3255,14.5734,0.13201
f,1214,-0.3255,14.5795,0.13204
f,1215,-0.3256,14.5857,0.13206
f,1216,-0.3256,14.5918,0.13209
f,1217,-0.3257,14.5979,0.13211
f,1218,-0.3257,14.6041,0.13214
f,1219,-0.3257,14.6102,0.13217
f,1220,-0.3258,14.6163,0.13219
f,1221,-0.3258,14.6225,0.13222
f,1222,-0.3259,14.6286,0.13225
f,1223,-0.3259,14.6347,0.13227
f,1224,-0.326,14.6408,0.1323
f,1225,-0.326,14.647,0.13232
f,1226,-0.3261,14.6531,0.13235
f,1227,-0.3261,14.6592,0.13238
f,1228,-0.3261,14.6653,0.1324
f,1229,-0.3262,14.6715,0.13243
f,1230,-0.3262,14.6776,0.13246
f,1231,-0.3263,14.6837,0.13248
f,1232,-0.3263,14.6898,0.13251
f,1233,-0.3264,14.696,0.13254
f,1234,-0.3264,14.7021,0.13256
f,1235,-0.3264,14.7082,0.13259
f,1236,-0.3265,14.7143,0.13262
f,1237,-0.3265,14.7204,0.13264
f,1238,-0.3266,14.7265,0.13267
f,1239,-0.3266,14.7327,0.13269
f,1240,-0.3267,14.7388,0.13272
f,1241,-0.3267,14.7449,0.13275
f,1242,-0.3268,14.751,0.13278
f,1243,-0.3268,14.7571,0.1328
f,1244,-0.3268,14.7632,0.13283
f,1245,-0.3269,14.7693,0.13286
f,1246,-0.3269,14.7754,0.13288
f,1247,-0.327,14.7816,0.13291
f,1248,-0.327,14.7877,0.13294
f,1249,-0.3271,14.7938,0.13296
f,1250,-0.3271,14.7999,0.13299
f,1251,-0.3271,14.806,0.13302
f,1252,-0.3272,14.8121,0.13304
f,1253,-0.3272,14.8182,0.13307
f,1254,-0.3273,14.8243,0.1331
f,1255,-0.3273,14.8304,0.13312
f,1256,-0.3274,14.8365,0.13315
f,1257,-0.3274,14.8426,0.13318
f,1258,-0.3274,14.8487,0.13321
f,1259,-0.3275,14.8548,0.13323
f,1260,-0.3275,14.8609,0.13326
f,1261,-0.3276,14.867,0.13329
f,1262,-0.3276,14.8731,0.13331
f,1263,-0.3277,14.8792,0.13334
f,1264,-0.3277,14.8853,0.13337
f,1265,-0.3278,14.8913,0.13339
f,1266,-0.3278,14.8974,0.13342
f,1267,-0.3278,14.9035,0.13345
f,1268,-0.3279,14.9096,0.13348
f,1269,-0.3279,14.9157,0.1335
f,1270,-0.328,14.9218,0.13353
f,1271,-0.328,14.9279,0.13356
f,1272,-0.3281,14.934,0.13359
f,1273,-0.3281,14.94,0.13361
f,1274,-0.3281,14.9461,0.13364
f,1275,-0.3282,14.9522,0.13367
f,1276,-0.3282,14.9583,0.13369
f,1277,-0.3283,14.9644,0.13372
f,1278,-0.3283,14.9704,0.13375
f,1279,-0.3284,14.9765,0.13378
f,1280,-0.3284,14.9826,0.1338
f,1281,-0.3284,14.9887,0.13383
f,1282,-0.3285,14.9948,0.13386
f,1283,-0.3285,15.0008,0.13389
f,1284,-0.3286,15.0069,0.13391
f,1285,-0.3286,15.013,0.13394
f,1286,-0.3287,15.019,0.13397
f,1287,-0.3287,15.0251,0.134
f,1288,-0.3287,15.0312,0.13402
f,1289,-0.3288,15.0373,0.13405
f,1290,-0.3288,15.0433,0.13408
f,1291,-0.3289,15.0494,0.13411
f,1292,-0.3289,15.0555,0.13413
f,1293,-0.329,15.0615,0.13416
f,1294,-0.329,15.0676,0.13419
f,1295,-0.329,15.0736,0.13422
f,1296,-0.3291,15.0797,0.13425
f,1297,-0.3291,15.0858,0.13427
f,1298,-0.3292,15.0918,0.1343
f,1299,-0.3292,15.0979,0.13433
f,1300,-0.3293,15.1039,0.13436
f,1301,-0.3293,15.11,0.13438
f,1302,-0.3293,15.1161,0.13441
f,1303,-0.3294,15.1221,0.13444
f,1304,-0.3294,15.1282,0.13447
f,1305,-0.3295,15.1342,0.13449
f,1306,-0.3295,15.1403,0.13452
f,1307,-0.3296,15.1463,0.13455
f,1308,-0.3296,15.1524,0.13458
f,1309,-0.3296,15.1584,0.13461
f,1310,-0.3297,15.1645,0.13463
f,1311,-0.3297,15.1705,0.13466
f,1312,-0.3298,15.1766,0.13469
f,1313,-0.3298,15.1826,0.13472
f,1314,-0.3299,15.1887,0.13474
f,1315,-0.3299,15.1947,0.13477
f,1316,-0.3299,15.2008,0.1348
f,1317,-0.33,15.2068,0.13483
f,1318,-0.33,15.2128,0.13486
f,1319,-0.3301,15.2189,0.13488
f,1320,-0.3301,15.2249,0.13491
f,1321,-0.3302,15.231,0.13494
f,1322,-0.3302,15.237,0.13497
f,1323,-0.3302,15.243,0.135
f,1324,-0.3303,15.2491,0.13502
f,1325,-0.3303,15.2551,0.13505
f,1326,-0.3304,15.2611,0.13508
f,1327,-0.3304,15.2672,0.13511
f,1328,-0.3305,15.2732,0.13514
f,1329,-0.3305,15.2792,0.13516
f,1330,-0.3305,15.2853,0.13519
f,1331,-0.3306,15.2913,0.13522
f,1332,-0.3306,15.2973,0.13525
f,1333,-0.3307,15.3034,0.13527
f,1334,-0.3307,15.3094,0.1353
f,1335,-0.3308,15.3154,0.13533
f,1336,-0.3308,15.3214,0.13536
f,1337,-0.3308,15.3275,0.13539
f,1338,-0.3309,15.3335,0.13541
f,1339,-0.3309,15.3395,0.13544
f,1340,-0.331,15.3455,0.13547
f,1341,-0.331,15.3516,0.1355
f,1342,-0.3311,15.3576,0.13553
f,1343,-0.3311,15.3636,0.13555
f,1344,-0.3311,15.3696,0.13558
f,1345,-0.3312,15.3756,0.13561
f,1346,-0.3312,15.3817,0.13564
f,1347,-0.3313,15.3877,0.13567
f,1348,-0.3313,15.3937,0.13569
f,1349,-0.3314,15.3997,0.13572
f,1350,-0.3314,15.4057,0.13575
f,1351,-0.3314,15.4117,0.13578
f,1352,-0.3315,15.4178,0.13581
f,1353,-0.3315,15.4238,0.13584
f,1354,-0.3316,15.4298,0.13586
f,1355,-0.3316,15.4358,0.13589
f,1356,-0.3317,15.4418,0.13592
f,1357,-0.3317,15.4478,0.13595
f,1358,-0.3317,15.4538,0.13598
f,1359,-0.3318,15.4598,0.136
f,1360,-0.3318,15.4658,0.13603
f,1361,-0.3319,15.4719,0.13606
f,1362,-0.3319,15.4779,0.13609
f,1363,-0.332,15.4839,0.13612
f,1364,-0.332,15.4899,0.13614
f,1365,-0.332,15.4959,0.13617
f,1366,-0.3321,15.5019,0.1362
f,1367,-0.3321,15.5079,0.13623
f,1368,-0.3322,15.5139,0.13626
f,1369,-0.3322,15.5199,0.13628
f,1370,-0.3322,15.5259,0.13631
f,1371,-0.3323,15.5319,0.13634
f,1372,-0.3323,15.5379,0.13637
f,1373,-0.3324,15.5439,0.1364
f,1374,-0.3324,15.5499,0.13642
f,1375,-0.3325,15.5559,0.13645
f,1376,-0.3325,15.5619,0.13648
f,1377,-0.3325,15.5679,0.13651
f,1378,-0.3326,15.5739,0.13654
f,1379,-0.3326,15.5799,0.13656
f,1380,-0.3327,15.5859,0.13659
f,1381,-0.3327,15.5918,0.13662
f,1382,-0.3328,15.5978,0.13665
f,1383,-0.3328,15.6038,0.13668
f,1384,-0.3328,15.6098,0.1367
f,1385,-0.3329,15.6158,0.13673
f,1386,-0.3329,15.6218,0.13676
f,1387,-0.333,15.6278,0.13679
f,1388,-0.333,15.6338,0.13682
f,1389,-0.3331,15.6398,0.13684
f,1390,-0.3331,15.6458,0.13687
f,1391,-0.3331,15.6517,0.1369
f,1392,-0.3332,15.6577,0.13693
f,1393,-0.3332,15.6637,0.13696
f,1394,-0.3333,15.6697,0.13698
f,1395,-0.3333,15.6757,0.13701
f,1396,-0.3334,15.6817,0.13704
f,1397,-0.3334,15.6877,0.13707
f,1398,-0.3334,15.6936,0.1371
f,1399,-0.3335,15.6996,0.13712
f,1400,-0.3335,15.7056,0.13715
f,1401,-0.3336,15.7116,0.13718
f,1402,-0.3336,15.7176,0.13721
f,1403,-0.3337,15.7236,0.13724
f,1404,-0.3337,15.7295,0.13726
f,1405,-0.3337,15.7355,0.13729
f,1406,-0.3338,15.7415,0.13732
f,1407,-0.3338,15.7475,0.13735
f,1408,-0.3339,15.7534,0.13737
f,1409,-0.3339,15.7594,0.1374
f,1410,-0.3339,15.7654,0.13743
f,1411,-0.334,15.7714,0.13746
f,1412,-0.334,15.7774,0.13749
f,1413,-0.3341,15.7833,0.13751
f,1414,-0.3341,15.7893,0.13754
f,1415,-0.3342,15.7953,0.13757
f,1416,-0.3342,15.8013,0.1376
f,1417,-0.3342,15.8072,0.13763
f,1418,-0.3343,15.8132,0.13765
f,1419,-0.3343,15.8192,0.13768
f,1420,-0.3344,15.8252,0.13771
f,1421,-0.3344,15.8311,0.13774
f,1422,-0.3345,15.8371,0.13776
f,1423,-0.3345,15.8431,0.13779
f,1424,-0.3345,15.849,0.13782
f,1425,-0.3346,15.855,0.13785
f,1426,-0.3346,15.861,0.13788
f,1427,-0.3347,15.8669,0.1379
f,1428,-0.3347,15.8729,0.13793
f,1429,-0.3348,15.8789,0.13796
f,1430,-0.3348,15.8849,0.13799
f,1431,-0.3348,15.8908,0.13801
f,1432,-0.3349,15.8968,0.13804
f,1433,-0.3349,15.9028,0.13807
f,1434,-0.335,15.9087,0.1381
f,1435,-0.335,15.9147,0.13813
f,1436,-0.3351,15.9207,0.13815
f,1437,-0.3351,15.9266,0.13818
f,1438,-0.3351,15.9326,0.13821
f,1439,-0.3352,15.9386,0.13824
f,1440,-0.3352,15.9445,0.13826
f,1441,-0.3353,15.9505,0.13829
f,1442,-0.3353,15.9565,0.13832
f,1443,-0.3354,15.9624,0.13835
f,1444,-0.3354,15.9684,0.13838
f,1445,-0.3354,15.9744,0.1384
f,1446,-0.3355,15.9803,0.13843
f,1447,-0.3355,15.9863,0.13846
f,1448,-0.3356,15.9922,0.13849
f,1449,-0.3356,15.9982,0.13851
f,1450,-0.3357,16.0042,0.13854
f,1451,-0.3357,16.0101,0.13857
f,1452,-0.3357,16.0161,0.1386
f,1453,-0.3358,16.0221,0.13862
f,1454,-0.3358,16.028,0.13865
f,1455,-0.3359,16.034,0.13868
f,1456,-0.3359,16.0399,0.13871
f,1457,-0.3359,16.0459,0.13873
f,1458,-0.336,16.0519,0.13876
f,1459,-0.336,16.0578,0.13879
f,1460,-0.3361,16.0638,0.13882
f,1461,-0.3361,16.0697,0.13884
f,1462,-0.3362,16.0757,0.13887
f,1463,-0.3362,16.0817,0.1389
f,1464,-0.3362,16.0876,0.13893
f,1465,-0.3363,16.0936,0.13895
f,1466,-0.3363,16.0995,0.13898
f,1467,-0.3364,16.1055,0.13901
f,1468,-0.3364,16.1115,0.13904
f,1469,-0.3365,16.1174,0.13907
f,1470,-0.3365,16.1234,0.13909
f,1471,-0.3365,16.1293,0.13912
f,1472,-0.3366,16.1353,0.13915
f,1473,-0.3366,16.1413,0.13918
f,1474,-0.3367,16.1472,0.1392
f,1475,-0.3367,16.1532,0.13923
f,1476,-0.3368,16.1591,0.13926
f,1477,-0.3368,16.1651,0.13928
f,1478,-0.3368,16.171,0.13931
f,1479,-0.3369,16.177,0.13934
f,1480,-0.3369,16.1829,0.13937
f,1481,-0.337,16.1889,0.13939
f,1482,-0.337,16.1949,0.13942
f,1483,-0.3371,16.2008,0.13945
f,1484,-0.3371,16.2068,0.13948
f,1485,-0.3371,16.2127,0.1395
f,1486,-0.3372,16.2187,0.13953
f,1487,-0.3372,16.2246,0.13956
f,1488,-0.3373,16.2306,0.13959
f,1489,-0.3373,16.2365,0.13961
f,1490,-0.3374,16.2425,0.13964
f,1491,-0.3374,16.2485,0.13967
f,1492,-0.3374,16.2544,0.1397
f,1493,-0.3375,16.2604,0.13972
f,1494,-0.3375,16.2663,0.13975
f,1495,-0.3376,16.2723,0.13978
f,1496,-0.3376,16.2782,0.1398
f,1497,-0.3377,16.2842,0.13983
f,1498,-0.3377,16.2901,0.13986
f,1499,-0.3377,16.2961,0.13989
f,1500,-0.3378,16.302,0.13991
f,1501,-0.3378,16.308,0.13994
f,1502,-0.3379,16.314,0.13997
f,1503,-0.3379,16.3199,0.14
f,1504,-0.338,16.3259,0.14002
f,1505,-0.338,16.3318,0.14005
f,1506,-0.338,16.3378,0.14008
f,1507,-0.3381,16.3437,0.1401
f,1508,-0.3381,16.3497,0.14013
f,1509,-0.3382,16.3556,0.14016
f,1510,-0.3382,16.3616,0.14019
f,1511,-0.3383,16.3675,0.14021
f,1512,-0.3383,16.3735,0.14024
f,1513,-0.3383,16.3794,0.14027
f,1514,-0.3384,16.3854,0.14029
f,1515,-0.3384,16.3913,0.14032
f,1516,-0.3385,16.3973,0.14035
f,1517,-0.3385,16.4032,0.14038
f,1518,-0.3386,16.4092,0.1404
f,1519,-0.3386,16.4151,0.14043
f,1520,-0.3386,16.4211,0.14046
f,1521,-0.3387,16.427,0.14048
f,1522,-0.3387,16.433,0.14051
f,1523,-0.3388,16.4389,0.14054
f,1524,-0.3388,16.4449,0.14056
f,1525,-0.3389,16.4508,0.14059
f,1526,-0.3389,16.4568,0.14062
f,1527,-0.3389,16.4627,0.14065
f,1528,-0.339,16.4687,0.14067
f,1529,-0.339,16.4746,0.1407
f,1530,-0.3391,16.4806,0.14073
f,1531,-0.3391,16.4865,0.14075
f,1532,-0.3392,16.4925,0.14078
f,1533,-0.3392,16.4984,0.14081
f,1534,-0.3392,16.5044,0.14083
f,1535,-0.3393,16.5103,0.14086
f,1536,-0.3393,16.5163,0.14089
f,1537,-0.3394,16.5222,0.14091
f,1538,-0.3394,16.5282,0.14094
f,1539,-0.3395,16.5341,0.14097
f,1540,-0.3395,16.5401,0.141
f,1541,-0.3396,16.546,0.14102
f,1542,-0.3396,16.552,0.14105
f,1543,-0.3396,16.5579,0.14108
f,1544,-0.3397,16.5639,0.1411
f,1545,-0.3397,16.5698,0.14113
f,1546,-0.3398,16.5758,0.14116
f,1547,-0.3398,16.5817,0.14118
f,1548,-0.3399,16.5876,0.14121
f,1549,-0.3399,16.5936,0.14124
f,1550,-0.3399,16.5995,0.14126
f,1551,-0.34,16.6055,0.14129
f,1552,-0.34,16.6114,0.14132
f,1553,-0.3401,16.6174,0.14134
f,1554,-0.3401,16.6233,0.14137
f,1555,-0.3402,16.6293,0.1414
f,1556,-0.3402,16.6352,0.14142
f,1557,-0.3402,16.6412,0.14145
f,1558,-0.3403,16.6471,0.14148
f,1559,-0.3403,16.653,0.1415
f,1560,-0.3404,16.659,0.14153
f,1561,-0.3404,16.6649,0.14156
f,1562,-0.3405,16.6709,0.14158
f,1563,-0.3405,16.6768,0.14161
f,1564,-0.3405,16.6828,0.14164
f,1565,-0.3406,16.6887,0.14166
f,1566,-0.3406,16.6947,0.14169
f,1567,-0.3407,16.7006,0.14172
f,1568,-0.3407,16.7065,0.14174
f,1569,-0.3408,16.7125,0.14177
f,1570,-0.3408,16.7184,0.14179
f,1571,-0.3408,16.7244,0.14182
f,1572,-0.3409,16.7303,0.14185
f,1573,-0.3409,16.7363,0.14187
f,1574,-0.341,16.7422,0.1419
f,1575,-0.341,16.7481,0.14193
f,1576,-0.3411,16.7541,0.14195
f,1577,-0.3411,16.76,0.14198
f,1578,-0.3412,16.766,0.14201
f,1579,-0.3412,16.7719,0.14203
f,1580,-0.3412,16.7778,0.14206
f,1581,-0.3413,16.7838,0.14209
f,1582,-0.3413,16.7897,0.14211
f,1583,-0.3414,16.7957,0.14214
f,1584,-0.3414,16.8016,0.14216
f,1585,-0.3415,16.8075,0.14219
f,1586,-0.3415,16.8135,0.14222
f,1587,-0.3415,16.8194,0.14224
f,1588,-0.3416,16.8254,0.14227
f,1589,-0.3416,16.8313,0.1423
f,1590,-0.3417,16.8372,0.14232
f,1591,-0.3417,16.8432,0.14235
f,1592,-0.3418,16.8491,0.14237
f,1593,-0.3418,16.855,0.1424
f,1594,-0.3418,16.861,0.14243
f,1595,-0.3419,16.8669,0.14245
f,1596,-0.3419,16.8729,0.14248
f,1597,-0.342,16.8788,0.14251
f,1598,-0.342,16.8847,0.14253
f,1599,-0.3421,16.8907,0.14256
f,1600,-0.3421,16.8966,0.14258
f,1601,-0.3421,16.9025,0.14261
f,1602,-0.3422,16.9085,0.14264
f,1603,-0.3422,16.9144,0.14266
f,1604,-0.3423,16.9203,0.14269
f,1605,-0.3423,16.9263,0.14271
f,1606,-0.3424,16.9322,0.14274
f,1607,-0.3424,16.9381,0.14277
f,1608,-0.3425,16.9441,0.14279
f,1609,-0.3425,16.95,0.14282
f,1610,-0.3425,16.9559,0.14284
f,1611,-0.3426,16.9619,0.14287
f,1612,-0.3426,16.9678,0.1429
f,1613,-0.3427,16.9737,0.14292
f,1614,-0.3427,16.9796,0.14295
f,1615,-0.3428,16.9856,0.14297
f,1616,-0.3428,16.9915,0.143
f,1617,-0.3428,16.9974,0.14303
f,1618,-0.3429,17.0034,0.14305
f,1619,-0.3429,17.0093,0.14308
f,1620,-0.343,17.0152,0.1431
f,1621,-0.343,17.0211,0.14313
f,1622,-0.3431,17.0271,0.14315
f,1623,-0.3431,17.033,0.14318
f,1624,-0.3431,17.0389,0.14321
f,1625,-0.3432,17.0448,0.14323
f,1626,-0.3432,17.0508,0.14326
f,1627,-0.3433,17.0567,0.14328
f,1628,-0.3433,17.0626,0.14331
f,1629,-0.3434,17.0685,0.14334
f,1630,-0.3434,17.0744,0.14336
f,1631,-0.3434,17.0804,0.14339
f,1632,-0.3435,17.0863,0.14341
f,1633,-0.3435,17.0922,0.14344
f,1634,-0.3436,17.0981,0.14346
f,1635,-0.3436,17.104,0.14349
f,1636,-0.3437,17.11,0.14352
f,1637,-0.3437,17.1159,0.14354
f,1638,-0.3438,17.1218,0.14357
f,1639,-0.3438,17.1277,0.14359
f,1640,-0.3438,17.1336,0.14362
f,1641,-0.3439,17.1395,0.14364
f,1642,-0.3439,17.1455,0.14367
f,1643,-0.344,17.1514,0.14369
f,1644,-0.344,17.1573,0.14372
f,1645,-0.3441,17.1632,0.14375
f,1646,-0.3441,17.1691,0.14377
f,1647,-0.3441,17.175,0.1438
f,1648,-0.3442,17.1809,0.14382
f,1649,-0.3442,17.1868,0.14385
f,1650,-0.3443,17.1927,0.14387
f,1651,-0.3443,17.1987,0.1439
f,1652,-0.3444,17.2046,0.14392
f,1653,-0.3444,17.2105,0.14395
f,1654,-0.3444,17.2164,0.14398
f,1655,-0.3445,17.2223,0.144
f,1656,-0.3445,17.2282,0.14403
f,1657,-0.3446,17.2341,0.14405
f,1658,-0.3446,17.24,0.14408
f,1659,-0.3447,17.2459,0.1441
f,1660,-0.3447,17.2518,0.14413
f,1661,-0.3448,17.2577,0.14415
f,1662,-0.3448,17.2636,0.14418
f,1663,-0.3448,17.2695,0.1442
f,1664,-0.3449,17.2754,0.14423
f,1665,-0.3449,17.2813,0.14426
f,1666,-0.345,17.2872,0.14428
f,1667,-0.345,17.2931,0.14431
f,1668,-0.3451,17.299,0.14433
f,1669,-0.3451,17.3049,0.14436
f,1670,-0.3451,17.3108,0.14438
f,1671,-0.3452,17.3167,0.14441
f,1672,-0.3452,17.3226,0.14443
f,1673,-0.3453,17.3285,0.14446
f,1674,-0.3453,17.3344,0.14448
f,1675,-0.3454,17.3402,0.14451
f,1676,-0.3454,17.3461,0.14453
f,1677,-0.3454,17.352,0.14456
f,1678,-0.3455,17.3579,0.14458
f,1679,-0.3455,17.3638,0.14461
f,1680,-0.3456,17.3697,0.14463
f,1681,-0.3456,17.3756,0.14466
f,1682,-0.3457,17.3815,0.14468
f,1683,-0.3457,17.3873,0.14471
f,1684,-0.3457,17.3932,0.14473
f,1685,-0.3458,17.3991,0.14476
f,1686,-0.3458,17.405,0.14479
f,1687,-0.3459,17.4109,0.14481
f,1688,-0.3459,17.4167,0.14484
f,1689,-0.346,17.4226,0.14486
f,1690,-0.346,17.4285,0.14489
f,1691,-0.346,17.4344,0.14491
f,1692,-0.3461,17.4403,0.14494
f,1693,-0.3461,17.4461,0.14496
f,1694,-0.3462,17.452,0.14499
f,1695,-0.3462,17.4579,0.14501
f,1696,-0.3463,17.4637,0.14504
f,1697,-0.3463,17.4696,0.14506
f,1698,-0.3463,17.4755,0.14509
f,1699,-0.3464,17.4814,0.14511
f,1700,-0.3464,17.4872,0.14514
f,1701,-0.3465,17.4931,0.14516
f,1702,-0.3465,17.499,0.14519
f,1703,-0.3466,17.5048,0.14521
f,1704,-0.3466,17.5107,0.14524
f,1705,-0.3467,17.5166,0.14526
f,1706,-0.3467,17.5224,0.14529
f,1707,-0.3467,17.5283,0.14531
f,1708,-0.3468,17.5341,0.14534
f,1709,-0.3468,17.54,0.14536
f,1710,-0.3469,17.5459,0.14539
f,1711,-0.3469,17.5517,0.14541
f,1712,-0.347,17.5576,0.14544
f,1713,-0.347,17.5634,0.14546
f,1714,-0.347,17.5693,0.14549
f,1715,-0.3471,17.5751,0.14551
f,1716,-0.3471,17.581,0.14553
f,1717,-0.3472,17.5868,0.14556
f,1718,-0.3472,17.5927,0.14558
f,1719,-0.3473,17.5985,0.14561
f,1720,-0.3473,17.6044,0.14563
f,1721,-0.3473,17.6102,0.14566
f,1722,-0.3474,17.6161,0.14568
f,1723,-0.3474,17.6219,0.14571
f,1724,-0.3475,17.6278,0.14573
f,1725,-0.3475,17.6336,0.14576
f,1726,-0.3476,17.6394,0.14578
f,1727,-0.3476,17.6453,0.14581
f,1728,-0.3476,17.6511,0.14583
f,1729,-0.3477,17.657,0.14586
f,1730,-0.3477,17.6628,0.14588
f,1731,-0.3478,17.6686,0.14591
f,1732,-0.3478,17.6745,0.14593
f,1733,-0.3479,17.6803,0.14596
f,1734,-0.3479,17.6861,0.14598
f,1735,-0.3479,17.692,0.146
f,1736,-0.348,17.6978,0.14603
f,1737,-0.348,17.7036,0.14605
f,1738,-0.3481,17.7095,0.14608
f,1739,-0.3481,17.7153,0.1461
f,1740,-0.3482,17.7211,0.14613
f,1741,-0.3482,17.7269,0.14615
f,1742,-0.3482,17.7328,0.14618
f,1743,-0.3483,17.7386,0.1462
f,1744,-0.3483,17.7444,0.14623
f,1745,-0.3484,17.7502,0.14625
f,1746,-0.3484,17.7561,0.14628
f,1747,-0.3485,17.7619,0.1463
f,1748,-0.3485,17.7677,0.14632
f,1749,-0.3485,17.7735,0.14635
f,1750,-0.3486,17.7793,0.14637
f,1751,-0.3486,17.7851,0.1464
f,1752,-0.3487,17.791,0.14642
f,1753,-0.3487,17.7968,0.14645
f,1754,-0.3488,17.8026,0.14647
f,1755,-0.3488,17.8084,0.1465
f,1756,-0.3488,17.8142,0.14652
f,1757,-0.3489,17.82,0.14654
f,1758,-0.3489,17.8258,0.14657
f,1759,-0.349,17.8316,0.14659
f,1760,-0.349,17.8374,0.14662
f,1761,-0.3491,17.8432,0.14664
f,1762,-0.3491,17.849,0.14667
f,1763,-0.3491,17.8548,0.14669
f,1764,-0.3492,17.8606,0.14672
f,1765,-0.3492,17.8664,0.14674
f,1766,-0.3493,17.8722,0.14676
f,1767,-0.3493,17.878,0.14679
f,1768,-0.3493,17.8838,0.14681
f,1769,-0.3494,17.8896,0.14684
f,1770,-0.3494,17.8954,0.14686
f,1771,-0.3495,17.9012,0.14689
f,1772,-0.3495,17.907,0.14691
f,1773,-0.3496,17.9128,0.14693
f,1774,-0.3496,17.9186,0.14696
f,1775,-0.3496,17.9243,0.14698
f,1776,-0.3497,17.9301,0.14701
f,1777,-0.3497,17.9359,0.14703
f,1778,-0.3498,17.9417,0.14706
f,1779,-0.3498,17.9475,0.14708
f,1780,-0.3499,17.9533,0.1471
f,1781,-0.3499,17.959,0.14713
f,1782,-0.3499,17.9648,0.14715
f,1783,-0.35,17.9706,0.14718
f,1784,-0.35,17.9764,0.1472
f,1785,-0.3501,17.9821,0.14722
f,1786,-0.3501,17.9879,0.14725
f,1787,-0.3502,17.9937,0.14727
f,1788,-0.3502,17.9995,0.1473
f,1789,-0.3502,18.0052,0.14732
f,1790,-0.3503,18.011,0.14735
f,1791,-0.3503,18.0168,0.14737
f,1792,-0.3504,18.0225,0.14739
f,1793,-0.3504,18.0283,0.14742
f,1794,-0.3505,18.0341,0.14744
f,1795,-0.3505,18.0398,0.14747
f,1796,-0.3505,18.0456,0.14749
f,1797,-0.3506,18.0513,0.14751
f,1798,-0.3506,18.0571,0.14754
f,1799,-0.3507,18.0629,0.14756
f,1800,-0.3507,18.0686,0.14759
f,1801,-0.3507,18.0744,0.14761
f,1802,-0.3508,18.0801,0.14763
f,1803,-0.3508,18.0859,0.14766
f,1804,-0.3509,18.0916,0.14768
f,1805,-0.3509,18.0974,0.14771
f,1806,-0.351,18.1031,0.14773
f,1807,-0.351,18.1089,0.14775
f,1808,-0.351,18.1146,0.14778
f,1809,-0.3511,18.1204,0.1478
f,1810,-0.3511,18.1261,0.14783
f,1811,-0.3512,18.1319,0.14785
f,1812,-0.3512,18.1376,0.14787
f,1813,-0.3513,18.1434,0.1479
f,1814,-0.3513,18.1491,0.14792
f,1815,-0.3513,18.1548,0.14794
f,1816,-0.3514,18.1606,0.14797
f,1817,-0.3514,18.1663,0.14799
f,1818,-0.3515,18.172,0.14802
f,1819,-0.3515,18.1778,0.14804
f,1820,-0.3515,18.1835,0.14806
f,1821,-0.3516,18.1892,0.14809
f,1822,-0.3516,18.195,0.14811
f,1823,-0.3517,18.2007,0.14814
f,1824,-0.3517,18.2064,0.14816
f,1825,-0.3518,18.2122,0.14818
f,1826,-0.3518,18.2179,0.14821
f,1827,-0.3518,18.2236,0.14823
f,1828,-0.3519,18.2293,0.14825
f,1829,-0.3519,18.235,0.14828
f,1830,-0.352,18.2408,0.1483
f,1831,-0.352,18.2465,0.14833
f,1832,-0.352,18.2522,0.14835
f,1833,-0.3521,18.2579,0.14837
f,1834,-0.3521,18.2636,0.1484
f,1835,-0.3522,18.2693,0.14842
f,1836,-0.3522,18.2751,0.14844
f,1837,-0.3523,18.2808,0.14847
f,1838,-0.3523,18.2865,0.14849
f,1839,-0.3523,18.2922,0.14852
f,1840,-0.3524,18.2979,0.14854
f,1841,-0.3524,18.3036,0.14856
f,1842,-0.3525,18.3093,0.14859
f,1843,-0.3525,18.315,0.14861
f,1844,-0.3526,18.3207,0.14863
f,1845,-0.3526,18.3264,0.14866
f,1846,-0.3526,18.3321,0.14868
f,1847,-0.3527,18.3378,0.14871
f,1848,-0.3527,18.3435,0.14873
f,1849,-0.3528,18.3492,0.14875
f,1850,-0.3528,18.3549,0.14878
f,1851,-0.3528,18.3606,0.1488
f,1852,-0.3529,18.3663,0.14882
f,1853,-0.3529,18.372,0.14885
f,1854,-0.353,18.3777,0.14887
f,1855,-0.353,18.3834,0.14889
f,1856,-0.3531,18.389,0.14892
